XML2 Tag,XML1 Tag,Parent Element,Type,Schema,,Description,Example,
A00,PAP,POI,AirportCodeType,lfsresponse,,Int. point airport code,DCA,
A01,CBA BPC BRD SDA BCC,CAL FLI FLI SEG SGI HIP OCF,AirportCodeType,"lfsrequest lfsresponse, PricingResponse ShoppingResponse",,Departure airport code,ABE,
A02,CAA OFF OPC SAA OCC,CAL FLI FLI SEG SGI HIP OCF,AirportCodeType,"lfsrequest lfsresponse, PricingResponse ShoppingResponse",,Arrival airport code,ABE,
A03,N/A,HIP,AirportCodeType,"ATSEWriter, PricingResponse",,Origination Airport 2,,
A04,N/A TAL,... TAX HIP,AirportCodeType,"ATSEWriter, PricingResponse",,Destination Airport 1,,
A05,N/A,TAX,AlphaCharType,RexPricingResponse,,Percentage or Flat amount tax,P or F ,
A06,N/A,TAX,AlphaCharType,PricingResponse,,Percentage or Flat amount tax,P or F,
A07,N/A,SGI,AlphaCharType,NoPNRPricingRequest,,Fare Basis Code Usage,"C, F, B",
A10,ACD,AGI,CityCodeType,lfsrequest,,Agent city                                                      ,DFW,
A11,CBC SDC HOC PUO,CAL SEG PUP,CityCodeType,lfsresponse,,Departure city code,ABE,
A12,CAC SAC HDC PUD,CAL SEG PUP,CityCodeType,lfsresponse,,Arrival city code,ABE,
A13,N/A,HIP CAL,CityCodeType,"ATSEWriter, PricingResponse",,BRD point 4,,
A14,N/A,HIP CAL,CityCodeType,"ATSEWriter, PricingResponse",,Off point 1,,
A15,N/A,,CityCodeType,ATSEWriter,,Off Point 2,,
A16,N/A,,CityCodeType,ATSEWriter,,Off point 3,,
A17,N/A,,CityCodeType,ATSEWriter,,Off Point 4,,
A18,N/A CHC PUV,CAL PUP,CityCodeType,TaxRequest,,Stopover point,,
A20,PCC UCD,AGI BIL,PseudoCityCodeType,lfsrequest,,Travel agency PCC                                               ,BH44,
A21,HTA,AGI,PseudoCityCodeType,lfsrequest,,Main Travel Agency PCC                                          ,BH44,
A22,AAA,BIL,PseudoCityCodeType,lfsrequest,,AAA City                                                        ,BH44,
A30,PST,PXI,StateCodeType,lfsrequest,,Input State Code for GST passenger,USTX,
A31,DSC,CAL,StateCodeType,lfsresponse,,Departure state/province code,USAZ,
A32,ASC,CAL,StateCodeType,lfsresponse,,Arrival state/province code,USAZ,
A40,CNC CRY TCO,CCD TAX PUP,CountryCodeType,lfsresponse,,Country code,US,
A41,DCC,CAL,CountryCodeType,lfsresponse,,Departure country code,US,
A42,ACC,CAL,CountryCodeType,lfsresponse,,Arrival country code,US ,
A50,N/A,PRO,CityCodeType,PricingRequest,,Residency city code,DFW,
A51,DIA,CAL,IATAAreaCodeType,lfsresponse,,Departure IATA area code,1,
A52,AIA,CAL,IATAAreaCodeType,lfsresponse,,Arrival IATA area code,1,
A60,SRT GLB,SEG CAL,GlobalDirectionType,lfsresponse,,Route of travel TS/FE/EH/AP/WH/ATSA/PA/PN/PO/RU,WH,
A61,BCA,SGI,AirportCodeType,PricingRequest,,Alternate departure airport code,AA,
A62,OCP,SGI,AirportCodeType,PricingRequest,,Alternate arrival airport code,AA,
A70,AKD,BIL,ActionCodeType,lfsrequest,,Action Code                                                     ,JR.AC,
A80,SET,AGI,AgentDepartmentCodeType,lfsrequest,,Airline department                                                 ,BH44,
A90,AGT,AGI,AgentFunctionType,lfsrequest,,Agent function                                                  ,AZA,
AA0,ASI,BIL,AgentFunctionType,lfsrequest,,Agent Sine In                                                   ,AZA,
AA1,N/A,UCL,AirportCodeType,ATSEWriter,UC Loopback Instr,DepAirport1,,
AA2,N/A,UCL,AirportCodeType,ATSEWriter,UC Loopback Instr,ArrAirport1,,
AA3,N/A,UCL,AirportCodeType,ATSEWriter,UC Loopback Instr,DepAirport2,,
AA4,N/A,UCL,AirportCodeType,ATSEWriter,UC Loopback Instr,ArrAirport2,,
AA5,N/A,UCL,AirportCodeType,ATSEWriter,UC Loopback Instr,DepAirport3,,
AA6,N/A,UCL,AirportCodeType,ATSEWriter,UC Loopback Instr,ArrAirport3,,
AA7,N/A,UCL,xs:string,ATSEWriter,UC Loopback Instr,AgencyName,,
,,,,,,,,
AB0,ITA,AGI,ARCNumberType,lfsrequest,,Travel agency IATA                                              ,4553728,
AB1,HIT,AGI,ARCNumberType,lfsrequest,,Home agency IATA                                                ,4553728,
AB2,HIT,AGI,ARCNumberType,lfsrequest,,Airline IATA                                                ,4553728,
AC0,COR,PRO,CorporateIDType,"lfsrequest,FareDisplayResponse",,Corporate ID                                                       ,TVL,
AC1,N/A,PRO,CorporateIDType,"PricingRequest,FareDisplayRequest",,Corporate ID                                                       ,TVL ,
AC2,N/A,PRO,CorporateIDType,"PricingRequest,FareDisplayRequest",,Corporate ID                                                       ,TVL,
AC3,N/A,PRO,CorporateIDType,"PricingRequest,FareDisplayREquest",,Corporate ID                                                       ,TVL,
AC4,N/A,PRO,CorporateIDType,"PricingRequest,FareDisplayRequest",,Corporate ID                                                       ,TVL,
 ,,,,,,,,
AD0,USA,BIL,LnIATAType,lfsrequest,,User Set Address                                                ,0C28A5,
AD1,N/A,PRO,BoolTFType,FareDisplayRequest,,Display Account Code for the fare,T,
AE0,PID,BIL,PartitionIDType,lfsrequest,,Partition ID                                                    ,AA,
AE1,N/A,AGI,xs:string,"PricingRequest,FareDisplayRequest",,Office Designator,SCLTR,
,,,,,,,,
,,,,,,,,
AF0,ITU,PRO,CityCodeType,PricingRequest,,Ticketing point override,TYO,
AG0,ITV,PRO,CityCodeType,PricingRequest,,Sale point override,LON,
AH0,STT,PRO,xs:string,PricingRequest,,Region code,A13,
AI0,EXC,SGI,CityCodeType,PricingRequest,,Exclude connection point,BOS,
AJ0,PCP,SGI FCL,CityCodeType,PricingRequest,,Preferred connection point,ATL,
AK0,N/A,N/A,CityCodeType,FareDisplayResponse,,Marketing1,DFW,
AL0,N/A,N/A,CityCodeType,FareDisplayResponse,,Marketing2,DFW,
AM0,N/A,N/A,CityCodeType,FaredisplayResponse,,Gateway 1,DFW,
ANG,N/A,SUM,BoolTFType,Pricing Response,,Ancillaries Non Guarantee Indicator,T/F,
AN0,N/A,N/A,CityCodeType,FareDisplayResponse,,Gateway 2,DFW,
AO0,SLC,SUM,CityCodeType,PricingResponse,,Sales location,LAX,
AP0,N/A,BIL,SabreUserIDType,SSS_ShoppingRequest,,User ID,899123,
AP1,N/A,PRO,CityCodeType,RexPricingRequest,,Reissue City for Tax,,
AP2,N/A,MIL,xs:string,RexPricingRequest,,Mileage Display Type,E/B/L/T,
AP3,N/A,MIL,CityCodeType,RexPricingRequest,,Mileage Display City,SAO,
AQ0,N/A,SRC,DistributionChannelType,"AirlineBrandingRequest, AncillaryRequest",,"Distribution Channel (e.g., Travelocity, GetThere)",TVLY,
AQ1,N/A,SRC,ClientIDType,"AirlineBrandingRequest, AncillaryRequest",,"Client ID Type (e.g., AVL, FQ, SHP, SSW, INT)",AVL,
AQ2,N/A,SRC,RequestType,"AirlineBrandingRequest, AncillaryRequest",,"Request Type (e.g., MKT)",MKT,
AQ3,N/A,MKT,Language,AirlineBrandingRequest,,"Marketing Text Language (e.g., Russian)","Russian,Korean",
AQ4,N/A,ANT,xs:string,"AncillaryRequest, AncillaryResponse",,"Ancillary Type Requested (e.g., SEAT - Seat Fees, BAG - Bag Fees)",SEAT,
AQ5,N/A,SRC,CityCodeType,"AncillaryRequest, AncillaryResponse",,Agent City Code,DFW,
AQ6,N/A,ACR,xs:integer,"AncillaryRequest, AncillaryResponse",,Customer Value Score,9,
AQ7,N/A,ACR,xs:string,"AncillaryRequest, AncillaryResponse",,Passenger Type,ADT,
AQ8,N/A,ACR,xs:string,"AncillaryRequest, AncillaryResponse",,Corporate ID/Account Code,ABC123,
AQ9,N/A,ACR,xs:string,"AncillaryRequest, AncillaryResponse",,Input Ticket Designator,,
AR0,N/A,ACI ANC,xs:integer,"AncillaryRequest, AncillaryResponse",,Segment number,1,
AR1,N/A,ACI ANC,xs:integer,"AncillaryRequest, AncillaryResponse",,Number of segments in connection,3,
AR2,N/A,ACI ANC,AirlineCodeType,"AncillaryRequest, AncillaryResponse",,Carrier Code,JB,
AR3,N/A,ACI ANC,xs:integer,"AncillaryRequest, AncillaryResponse",,Flight Number,745,
AR4,N/A,ACI ANC,DateYYYY-MM-DDType,"AncillaryRequest, AncillaryResponse",,Flight Departure Date,  2009-10-03 ,
AR5,N/A,ACI ANC,xs:integer,"AncillaryRequest, AncillaryResponse",,Travel Start Time,800,
AR6,N/A,ACI ANC,xs:integer,"AncillaryRequest, AncillaryResponse",,Travel Stop Time,1300,
AR7,N/A,ACI ANC,AnyCharType,"AncillaryRequest, AncillaryResponse",,Travel Start/Stop Indicator,D ,
AR8,N/A,ACI ANC,xs:integer,"AncillaryRequest, AncillaryResponse",,Date Change Indicator,1,
AR9,N/A,ACI ANC,xs:integer,"AncillaryRequest, AncillaryResponse",,Day of Week (Departure),"12357(Fri, Sat, Sun, Mon, Wed)",
AS0,N/A,ACI ANC,xs:string,"AncillaryRequest, AncillaryResponse",,Equipment Type,777,
AS1,N/A,ACI ANC,xs:string,"AncillaryRequest, AncillaryResponse",,Row Type,BH,
AS2,N/A,ACI ANC,xs:string,"AncillaryRequest, AncillaryResponse",,Seat Location ,AI,
AS3,N/A,ACI ANC,xs:string,"AncillaryRequest, AncillaryResponse",,Premium Seat Indicator ,PC,
AS4,N/A,ACI ANC,xs:string,"AncillaryRequest, AncillaryResponse",,Sleeper Indicator,SL,
AS5,N/A,ACI ANC,xs:string,"AncillaryRequest, AncillaryResponse",,Cabin,F,
AS6,N/A,ACI ANC,xs:string,"AncillaryRequest, AncillaryResponse",,RBD/Classes of Service,F|C|Y,
AS7,N/A,ACI ANC,AnyCharType,"AncillaryRequest, AncillaryResponse",,Sector/Portion Indicator,S,
AS8,N/A,ACI ANC,xs:string,"AncillaryRequest, AncillaryResponse",,Frequent Flyer Level,1,
AS9,N/A,ACI ANC,xs:integer,"AncillaryRequest, AncillaryResponse",,Min Age,13,
AT0,N/A,ACI ANC,xs:integer,"AncillaryRequest, AncillaryResponse",,Max Age,60,
AT1,N/A,ACI ANC,xs:integer,"AncillaryRequest, AncillaryResponse",,First Occurrence,200,
AT2,N/A,ACI ANC,xs:integer,"AncillaryRequest, AncillaryResponse",,Last Occurrence,800,
AT3,N/A,ACI ANC,xs:string,"AncillaryRequest, AncillaryResponse",,Tour Code Number,123ADSS2323,
AT4,N/A,ACI ANC,xs:string,"AncillaryRequest, AncillaryResponse",,Stopover/Connection/Destination Indicator,S,
AT5,N/A,ACI ANC,xs:string,"AncillaryRequest, AncillaryResponse",,Upgrade to Cabin,C,
AT6,N/A,ACI ANC,xs:string,"AncillaryRequest, AncillaryResponse",,Upgrade to RBD/Class of Service,F,
AT7,N/A,ACI ANC,xs:string,"AncillaryRequest, AncillaryResponse",,Resulting Fare Class,,
AT8,N/A,ACI ANC,xs:string,"AncillaryRequest, AncillaryResponse",,Resulting Ticket Designator,,
AT9,N/A,ACI ANC,xs:string,"AncillaryRequest, AncillaryResponse",,Rule Tariff,PUB,
AU0,N/A,ACI ANC,xs:string,"AncillaryRequest, AncillaryResponse",,Fare Rule,RD11,
AU1,N/A,ACI ANC,xs:string,"AncillaryRequest, AncillaryResponse",,Fare from CAT 19/25/35,3,
AU2,N/A,ACI ANC,xs:string,"AncillaryRequest, AncillaryResponse",,Simultaneous Purchase With Ticket,X,
AV0,N/A,ANC,xs:string,AncillaryResponse,,Geo Spec Exception Stopover Time,3,
AV1,N/A,ANC,AnyCharType,AncillaryResponse,,Geo Spec Exception Stopover Unit ,H,
AV2,N/A,ANF,MonetaryAmountType,AncillaryResponse,,Ancillary Fee Amount,350.99,
AV3,N/A,ANF,CurrencyCodeType,AncillaryResponse,,Currency,USD,
AV4,N/A,ANF,xs:string,AncillaryResponse,,Sub Group,EX (for EXIT),
AV5,N/A,ANF,xs:string,AncillaryResponse,,Description1,AI (for AISLE),
AV6,N/A,ANF,xs:string,AncillaryResponse,,Description2,3,
AV7,N/A,ANF,AnyCharType,AncillaryResponse,,Fee Application ,1,
AV8,N/A,ANF,AnyCharType,AncillaryResponse,,Tax Application ,X,
AV9,N/A,ANF,MonetaryAmountType,AncillaryResponse,,Tax amount ,89.99,
AW0,N/A,ANF,xs:string,AncillaryResponse,,Ancillary Text,,
AW1,N/A,ANF,xs:string,AncillaryResponse,,Advance Purchase Period ,"120 , or MON",
AW2,N/A,ANF,xs:string,AncillaryResponse,,Advance Purchase Unit,N ,
AW3,N/A,ANF,AnyCharType,AncillaryResponse,,Refund/Reissue Indicator,Y,
AW4,N/A,ANF,AnyCharType,AncillaryResponse,,Commission ,Y,
AW5,N/A,ANF,AnyCharType,AncillaryResponse,,Interline Settlement ,Y,
AW6,N/A,ANF,AnyCharType,AncillaryResponse,,Form of Refund ,1,
AW7,N/A,ANF,AnyCharType,AncillaryResponse,,Subtract Amount from Fare ,I,
AW8,N/A,ANF,AnyCharType,AncillaryResponse,,Fee is Selling or Net ,N ,
AW9,N/A,ANF,AnyCharType,AncillaryResponse,,Fee And/Or Indicator ,A,
AX0,N/A,ANF,xs:integer,AncillaryResponse,,Fee Specified in Miles ,,
AX1,N/A,ANF,AnyCharType,AncillaryResponse,,Check Availability ,Y,
AX2,N/A,ANF,xs:string,AncillaryResponse,,Rule Override Matching Fare Class ,,
AX3,N/A,ANF,xs:string,AncillaryResponse,,Rule Override Number of Segments ,,
AX4,N/A,ANF,xs:string,AncillaryResponse,,Rule Override Rule Category 31/33,,
AX5,N/A,ANF,xs:string,AncillaryResponse,,Rule Override Rule Tariff ,,
AX6,N/A,ANF,xs:string,AncillaryResponse,,Rule Override Rule Number ,,
,,,,,,,,
B00,ALC CCO VCR CXR MAC,AGI CCD COM FLI MSG PCL OCF,AirlineCodeType,RexPricingRequest,ShoppingRequest ShoppingResponse,,Carrier,1S
B01,CXR CRO,FLI FLI,AirlineCodeType,lfsrequest lfsresponse,,Operating carrier,UA,
B02,CGP,CAL,AirlineCodeType,lfsresponse,,Governing carrier,AA ,
B03,CGS,CAL,AirlineCodeType,lfsresponse,,2nd Governing carrier,,
B04,SIC,PRO,AirlineCodeType,lfsresponse,,Availability Simulator carrier,DL,
B05,ITZ,PRO,AirlineCodeType,PricingRequest,,Validating carrier,AA,
B06,CXR,FLI,AirlineCodeType,PricingRequest,,Marketing carrier,AA,
B07,ECC,PRO,AirlineCodeType,PricingRequest,,ETKT carrier,AA,
B08,N/A,CAL,AirlineCodeType,PricingResponse,,True Governing carrier,AA ,
B09,N/A,SGI,AirlineCodeType,RexPricingRequest,,Fare Souce Vendor,"AA, YY",
B10,N/A,CBR,AirlineCodeType,AirlineBrandingResponse,,Branded Fares Carrier,SQ,
B30,COS,FLI,BookingCodeType,lfsresponse,,Class of service,B ,
B31,N/A,,BookingCodeType,ShoppingRequest,ShoppingResponse,ATSEWriter,,Fare booking code 1
B32,N/A,,BookingCodeType,ATSEWriter,,Fare booking code 2,,
B33,N/A,,BookingCodeType,ATSEWriter,,Fare booking code 3,,
B40,EQC PEQ,FLI POI,EquipmentCodeType,lfsresponse,,Equipment type,100,
B50,CFB FCO,CAL CCD,FareBasisCodeType,lfsresponse,,Fare basis code,ALWUSTFCH,
B51,FBC,CAL,FareBasisCodeType,lfsresponse,,Differential fare basis code,,
B52,,BKC,FareBasisCodeType,shoppingResponse,,farebasiscode per segment,Y26,
B60,FMC,FLI,MealCodeType,lfsresponse,,Meal code,        ,
B70,PTP,PXI,PassengerCodeType,lfsrequest,,Passenger type                                                  ,ADT,
B71,CFO,CAL,FarePaxType,lfsresponse,,Fare passenger type 013DP,ADT,
B72,N/A,,PassengerCodeType,ATSEWriter,,Passanger Type 3,,
B73,N/A,,PassengerCodeType,ATSEWriter,,Passanger Type 4,,
B74,N/A,OCF,PassengerCodeType,ShoppingRequest,,Passenger Type,ADT,
B80,DNI,PRO,PriorityCodeType,lfsrequest,,Priority Service                                                ,2,
B90,PPI,PRO,PriorityCodeType,lfsrequest,,Priority Price                                                  ,1,
BA0,TPI,PRO,PriorityCodeType,lfsrequest,,Priority Time                                                   ,3,
BA1,N/A,UCL,AirlineCodeType,ATSEWriter,UC Loopback Instr,Carrier1,,
BA2,N/A,UCL,AirlineCodeType,ATSEWriter,UC Loopback Instr,Carrier2,,
BA3,N/A,UCL,AirlineCodeType,ATSEWriter,UC Loopback Instr,Carrier3,,
,,,,,,,,
BB2,N/A,FLI,ResStatusType,PricingRequest,,Res status                                                      ,NN HK QF ,
BB3,N/A,FLI,MarriageStatus,PricingRequest,,Marriage Segment status                                       ,S P E ,
BB0,AAC,FLI,ResStatusType,lfsrequest,,Res status                                                      ,OK RQ,
BC0,TCD,TAX,TaxCodeType,lfsresponse,,Tax code,AY ,
BD0,CSD,CAL,TicketDesignatorType,lfsresponse,,Snap designator discount,,
BE0,CTD,CAL,TicketDesignatorType,lfsresponse,,Ticket designator,,
BE1,,PRO,TicketDesignatorType,PricingRequest,,Ticket designator,,
BF0,TRC,FLI,TrafficRestictionType,lfsresponse,,Traffic restriction code,,
BG0,TKK,PRO,xs:string,PricingRequest,,Ticket stock,,
BH0,TFE,PRO,TaxCodeType,PricingRequest,,Tax code exempted,,
BI0,N/A,N/A,InclusionCodeType,FareDisplayRequest,,Inclusion code,AR12,
BJ0,N/A,HIP,"FareClassCodeType, PricingResponse",FareDisplayResponse,,Fare class code,AFK01009,
BJ1,N/A,SGI,TicketDesignatorType,RexPricingRequest,,Ticket Designator 2,,
C00,CTX,LFS,ClientTransactionIDType,lfsrequest,,Client supplied transaction ID                                  ,,
C01,N/A,BIL,ClientTransactionIDType,ATSEWriter,,Client Transaction ID,,
C02,N/A,BIL,ClientTransactionIDType,ATSEWriter,,Parent Transaction ID,,
C10,DIA,OPT,OptArgType,lfsrequest,,Diagnostic number                                               ,,
C11,,SEG,CountryCodeType,PricingResponse,,Origin country code for a segment,US ,
C12,,SEG,CountryCodeType,PricingResponse,,Destination country code for a segment,US,
C13,,SEG,AlphaCharType,PricingResponse,,GeoType for a segment,D,
,,,,,,,,
C20,CSV,BIL,ServiceNameType,lfsrequest,,Service name,LFARESR1,
C21,N/A,BIL,ServiceNameType,ATSEWriter,,Client Service Name i.e. Business Function,,
C22,N/A,BIL,ServiceNameType,ATSEWriter,,Parent Service Name,,
C30,WLD,PRO,WLDParamType,lfsrequest,,WLD input parameter                                             ,,
C40,ACC COC TCC CU3 BCC SCU,"AGI CAL COM, TAX PRO PXI SUR",CurrencyCodeType,lfsrequest lfsresponse,,Currency code for the agent                                     ,USD,
C40,COC,CAL,CurrencyCodeType,lfsresponse,,Fare component currency code,USD,
C41,TPC FCR,TAX CCD,CurrencyCodeType,lfsresponse,,Published tax currency,USD,
,,,,,,,,
C42,TCR,CCD,CurrencyCodeType,lfsresponse,,To currency code,GBP,
C43,CCC,PXI,CurrencyCodeType,lfsresponse,,Construction currency code,USD,
C44,CCM,PXI,CurrencyCodeType,lfsresponse,,Local currency minimum,USD,
C45,ECC ITY,PXI PRO,CurrencyCodeType,lfsresponse,,Origination currency code,JPY,
C46,FCC ICR SCU,PXI CCD SUR,CurrencyCodeType,lfsresponse PricingResponse,,Currency code,USD,
C47,DUC,PRO,CurrencyCodeType,PricingRequest,,Alternate currency code,JPY,
C48,N/A,PRO,CurrencyCodeType,PricingRequest,,Currency code override currency,GBP,
C49,N/A,SUR,CurrencyCodeType,MIPResponse,,Currency code override currency,GBP,
C4A,N/A,PXI,CurrencyCodeType,lfsresponse,,Net Remit Base Fare Currency Code,USD,
C4B,N/A,PXI,CurrencyCodeType,lfsresponse,,Net Remit Construction Currency Code,USD,
C4C,,FDC,CurrencyCodeType,ShoppingResponse,,ESV to call Tax Service - selling currency,USD,
C4D,N/A,PRO,xs::string,PricingRequest,,Credit Card Type,"VISA, AMEX, MASTER",
C50,CFA,CAL HIP,MonetaryAmountType,"lfsresponse, PricingResponse",,Fare amount,100,
C51,PFA,CAL,MonetaryAmountType,lfsresponse,,Published fare amount,100,
C52,ATC,CCD,MonetaryAmountType,lfsresponse,,Fare AmountTo Be Converted,123,
C53,CAT,CCD,MonetaryAmountType,lfsresponse,,Converted Fare Amount,123,
C54,EX1,CCD,MonetaryAmountType,lfsresponse,,Exchange rate 1,1.234,
C55,EX2,CCD,MonetaryAmountType,lfsresponse,,Exchange rate 2,1.234,
C56,TPA,COM,MonetaryAmountType,lfsresponse,,Total price for all passenger types,1133.12,
C57,DAM,PRO,MonetaryAmountType,lfsrequest,,Direct Amount                                                   ,,
C58,MXF,PRO,MonetaryAmountType,lfsrequest,,Max Fare Amount                                                 ,,
C59,UBA,PRO,MonetaryAmountType,lfsrequest,,Alternate dates upper bound amount                              ,,
C5A,BFA,PXI PRO,MonetaryAmountType,lfsresponse ShoppingRequest,,Base fare amount,150.7,
C5B,CAM,PXI,MonetaryAmountType,lfsresponse,,Commission amount,,
C5C,CMA,PXI,MonetaryAmountType,lfsresponse,,Local currency minimum amount,,
C5D,CPC,PXI,MonetaryAmountType,lfsresponse,,Commission percentage,,
C5E,CTA,PXI,MonetaryAmountType,lfsresponse,,Construction total amount,146.51,
C5F,EMT,PXI,MonetaryAmountType,lfsresponse,,Equivalent amount,,
C5G,FNA,PXI PRO,MonetaryAmountType,lfsresponse,,CAT35 Net Fare Amount plus charges,1234.56,
C5H,,FDC,MonetaryAmountType,ShoppingResponse,,ESV to call Tax - base fare amount in selling currency,,
C5I,,FDC,MonetaryAmountType,ShoppingResponse,,ESV to call Tax - base fare amount+ surcharge in selling currency,,
C5J,N/A,FEE,MonetaryAmountType,PricingResponse,,Passenger Charge Amount,,
C5K,N/A,FEE,MonetaryAmountType,PricingResponse,,Passenger Charge Tax Amount,,
C5L,N/A,FDC,xs:integer,ShoppingResponse,,Mileage,12500,
C5M,N/A,PXI,MonetaryAmountType,PricingResponse,,Net fare base amount,300.56,
C5N,N/A,PXI,MonetaryAmountType,PricingResponse,,Net fare construction total amount,,
C5O,N/A,PXI,MonetaryAmountType,PricingResponse,,Net fare total taxes,,
C5P,N/A,PXI,MonetaryAmountType,PricingResponse,,Net fare total per passenger,,
C5R,N/A,CAL,MonetaryAmountType,PricingResponse,,Net fare amount,,
C60,FCA,PXI,MonetaryAmountType,lfsresponse,,Cat35 fixed Commission Amount,12.24,
C61,FCP,PXI,MonetaryAmountType,lfsresponse,,Cat35 Commissn percentage,12,
C62,FNA,PXI PRO,MonetaryAmountType,lfsresponse,,CAT35 Net Fare Amount,1234.56,
C63,FSC,PXI,MonetaryAmountType,lfsresponse,,Stopover charges,,
C64,FTA,PXI,MonetaryAmountType,lfsresponse,,Travel agency tax,,
C65,FTT,PXI,MonetaryAmountType,lfsresponse,,Total taxes,33.66,
C66,TPP,PXI,MonetaryAmountType,lfsresponse,,Total fare per passenger,190.4,
C67,SCC,SEG,MonetaryAmountType,lfsresponse,,City specific stopover charge,,
C68,STC,SEG,MonetaryAmountType,lfsresponse,,Transfer charge,,
C69,CSH,SUR,MonetaryAmountType,lfsresponse,,Surcharge amount,6.5,
C6A,TAP,TAX,MonetaryAmountType,lfsresponse,,Published tax amount,10,
C6B,TAT,TAX,MonetaryAmountType,lfsresponse,,Tax amount,10,
C6C,CMV,AGI PRO,MonetaryAmountType,PricingRequest,,Agent commission amount,123.45,
C6D,ITX,PRO,MonetaryAmountType,PricingRequest,,Equivalent amount override,,
C6E,ITW,PRO,MonetaryAmountType,PricingRequest,,Rate amount override,,
C6F,ATX,PRO,MonetaryAmountType,PricingRequest,,Agency tax,12.34,
C6G,AMT,PRO,MonetaryAmountType,PricingRequest,,Bulk old fare amount,1234.56,
C6H,BSR,PRO,MonetaryAmountType,PricingRequest,,Rate amount override 2,,
C6I,SDA,SGI,MonetaryAmountType,PricingRequest,,Discount amount,123.45,
C6J,N/A,,MonetaryAmountType,shoppingResponse,,Total Fare for passenger of that type,123.45,
C6K,N/A,N/A,MonetaryAmountType,FareDisplayResponse,,NUC amount,344,
C6L,PUA,PUP,MonetaryAmountType,PricingResponse,,Plus-up amount,12.34,
C6M,N/A,PRO,CurrencyCodeType,FareDisplayResponse,,Base Selling Currency,USD,
C6N,N/A,PRO,MonetaryAmountType,FareDisplayResponse,,Base Selling Amount,123.45,
C6O,N/A,PRO,MonetaryAmountType,FareDisplayResponse,,Calculated Amount,123.45,
C6P,N/A,PRO,CurrencyCodeType,FareDisplayResponse,,Base Fare Currency ,USD,
C6Q,N/A,PRO,CurrencyCodeType,FareDisplayResponse,,Equivalent Fare Currency,USD,
C6R,N/A,PRO,MonetaryAmountType,FareDisplayResponse,,Equivalent Fare Amount,123.45,
C6S,N/A,PRO,MonetaryAmountType,FareDisplayResponse,,Total Fare/Tax Amount,123.45,
C6T,N/A,PRO,MonetaryAmountType,FareDisplayResponse,,Conversion Rate,1.255,
C6U,N/A,PRO,CurrencyCodeType,FareDisplayResponse,,Surcharge Currency,USD,
C6V,N/A,PRO,MonetaryAmountType,FareDisplayResponse,,Surcharge Amount,123.45,
C6W,N/A,root,MonetaryAmountType,ShoppingResponse,,altDateCutOffNucThreshold,,
C6X,N/A,PRO,CurrencyCodeType,RexPricingRequest,,Base Fare Currency Override,USD,
C6Y,N/A,PRO,CurrencyCodeType,RexPricingRequest,,Fare Calc Currency,NUC,
C6Z,N/A,PRO,MonetaryAmountType,PricingRequest,,Consolidator Plus Up Amount,123.45,
C70,FSC,PXI,MonetaryAmountType,lfsresponse,,Transfer charges,,
C71,FST,PXI,xs:short,lfsresponse,,Transfer count,1,
C72,CCC,PXI,CurrencyCodeType,lfsresponse,,Published Transfer surcharge currency code,USD,
C73,CCC,PXI,CurrencyCodeType,lfsresponse,,Published Stopover surcharge currency code,USD,
C74,,PRO,CurrencyCodeType,PricingResponse,,Plus-up Currency,USD,
C75,N/A,BFF,MonetaryAmountType,ShoppingRequest,,BFF & FF fare amount requested,,
C76,N/A,BFF,CurrencyCodeType,ShoppingRequest,,BFF & FF fare Currency requested,,
C77,N/A,CHG,MonetaryAmountType,RexPricingResponse,,Change Fee Amount,,
C78,N/A,CHG,CurrencyCodeType,RexPricingResponse,,Change Fee Currency,,
C79,N/A,TAX,CurrencyCodeType,RexPricingResponse,,Reissue Tax Max Amount Currency,USD,
C7A,N/A,FLI,xs:short,AncillaryPricingRequest,,ticket coupon number,1 to 16,
C80,N/A,TAX,MonetaryAmountType,RexPricingResponse,,Reissue Tax Max Amount,,
C82,N/A,PSG TOT,MonetaryAmountType,PricingResponse ShoppingResponse,Total T-type OB fee,,
C99,N/A,PRO,xs:short,PricingRequest,,MCH line number,0 to 99,
D00,CAD TDT LDT DAT,CAL CCD COM FLI,DateYYYY-MM-DDType,lfsrequest lfsresponse,,Fare commencement date,10/23/2005,
D01,ODA DDT DTE DDH TKH,ADP FLI FLI SGI PRO OCF,DateYYYY-MM-DDType,lfsrequest lfsresponse ShoppingResponse,,Outbound Date                                                   ,10/23/2005,
D02,IDA ADT,IDL FLI,DateYYYY-MM-DDType,lfsrequest lfsresponse,,Inbound Date                                                    ,10/23/2005,
D03,PDD,POI,DateYYYY-MM-DDType,lfsresponse,,Departure date at int. point,10/23/2005,
D04,PAD,POI,DateYYYY-MM-DDType,lfsresponse,,Arrival date at int. point,10/23/2005,
D05,SNA,SEG CCD,DateYYYY-MM-DDType,lfsresponse,,Not valid after date,10/23/2005,
D06,SNB,SEG CCD,DateYYYY-MM-DDType,lfsresponse,,Not valid before date,10/23/2005,
D07,ITT,PRO,DateYYYY-MM-DDType,PricingRequest RexPricngRequest,,Ticketing date override,10/23/2005,
D08,DAT,FLI PRO,DateYYYY-MM-DDType,PricingRequest,,Booking date,10/23/2005,
D09,N/A,,DateYYYY-MM-DDType,ATSEWriter,,Departure date 2,,
D0A,N/A,UCL,DateYYYY-MM-DDType,ATSEWriter,UC Loopback Instr,Flightdate1,,
D0B,N/A,UCL,DateYYYY-MM-DDType,ATSEWriter,UC Loopback Instr,Flightdate2,,
D0C,N/A,UCL,DateYYYY-MM-DDType,ATSEWriter,UC Loopback Instr,Flightdate3,,
D0D,N/A,UCL,DateTimeMicroSecsType,ATSEWriter,UC Loopback Instr,CreateDateTime,,
D0E,N/A,UCL,DateTimeMicroSecsType,ATSEWriter,UC Loopback Instr,CacheCaptureTime,,
D10,N/A,,DateTimeYYYY-MM-DD-HH-MM-SS-NNNType,ATSEWriter,,Transaction start time,,
D11,N/A,,DateTimeYYYY-MM-DD-HH-MM-SS-NNNType,ATSEWriter,,Transaction end time,,
D12,N/A,,DateTimeYYYY-MM-DD-HH-MM-SS-NNNType,ATSEWriter,,Create Date,,
D13,CDT,PRO SUM,DateYYYY-MM-DDType,PricingRequest PricingRespone,,Base date,,
D14,APD,SUM,DateYYYY-MM-DDType,FareDisplayResponse PricingResponse,,Quote Date,,
D15,N/A,N/A,DateDDMMMYYType,PricingDisplayRequest,,Origin date,,
D16,PBD,SUM,DateYYYY-MM-DDType,PricingResponse,,Purchase By Date,,
D17,N/A,BFF,DateYYYY-MM-DDType,ShoppingRequest,,outbound Date in BFF &FF Date List,,
D18,N/A,BFF,DateYYYY-MM-DDType,ShoppingRequest,,Inbound Date in BFF & FF Date list,,
D20,N/A,N/A,,,,Day of week,,
D21,DDW,FLI,NumericDOWType,lfsresponse,,Departure day of the week,1,
D22,ADW,FLI,NumericDOWType,lfsresponse,,Arrival day of the week,1,
D30,TIM,FLI SUM PRO,TimeMinutesSinceMidnight,lfsrequest PricingRespone RexPricingRequest,,Booking time,615,
D31,DEP DTM PDT DTH,FLI FLI POI SGI ,TimeMinutesSinceMidnight,lfsrequest,,Depart time                                                     ,1310,
D32,ATM PAT,FLI POI,TimeMinutesSinceMidnight,lfsrequest lfsresponse,,Arrival time                                                    ,1310,
D40,DT1 DMV,PRO SGI,TimeHHMMType,lfsrequest,,Low end of departure time                                             ,630,
D41,DT2 DPV,PRO SGI,TimeHHMMType,lfsrequest,,High end of departure time                                            ,1210,
D42,AT1,PRO,TimeHHMMType,lfsrequest,,Low end of  arrival time                                            ,,
D43,AT2,PRO,TimeHHMMType,lfsrequest,,High end of  arriival time                                           ,,
D50,LTD,PRO,TimeHHMMType,lfsrequest,,Domestic layover time                                           ,,
D51,LTG,PRO,TimeHHMMType,lfsrequest,,Domestic gateway layover time                                   ,,
D52,LTI,PRO,TimeHHMMType,lfsrequest,,International gateway layover time                                    ,,
D53,MTD,PRO,TimeHHMMType,lfsrequest,,Mininum time at destination                                         ,,
D54,TKT,PRO,TimeMinutesSinceMidnight,PricingRequest,,Ticketing time override,,
D55,N/A,N/A,TimeHHMMSSType,FareDisplayRequest,,Generic time HHMMSS,,
D60,LTT,COM,TimeInMinutesType,lfsresponse,,Last time to ticket in minutes,65535,
D61,TTV,COM,TimeInMinutesType,lfsresponse,,Total time variance,10,
D62,TET,FLI,TimeInMinutesType,lfsresponse,,Total elapsed time in minutes,100,
D64,PEL,POI,TimeInMinutesType,lfsresponse,,Elapsed layover time,49,
D65,PET,POI,TimeInMinutesType,lfsresponse,,Elapsed time flight leg,137,
D71,N/A,SEG FLI,DateYYYY-MM-DDType,PricingResponse AltPricingResponse,,SegmentDepartureDate,,
D70,N/A,root,TimeInSecondsType,ShoppingRequest,,TimeOut time,47,
D80,PTZ,POI,TimeZoneType,lfsresponse,,Intermediate point time zone,-4,
D81,DTZ,FLI,TimeZoneType,lfsresponse,,Departure time zone,-4,
D82,ATZ,FLI,TimeZoneType,lfsresponse,,Arrival time zone,-4,
D90,N/A,SGI,TimeOffsetInHoursType (xs:unsignedShort),"lfsrequest,SSS_ShoppingRequest",,Departure Time Minus Offset,3,
D91,N/A,SGI,TimeOffsetInHoursType (xs:unsignedShort),"lfsrequest,SSS_ShoppingRequest",,Departure Time Plus Offset,3,
D92,N/A,PRO,DateYYYY-MM-DDType,RexPricingRequest,,Original Ticket Issue Date,,
D93,N/A,PRO,DateYYYY-MM-DDType,RexPricingRequest,,Purchase date,,
D94,N/A,PRO,DateYYYY-MM-DDType,RexPricingRequest,,Exchanged Ticket Issue Date,,
D95,N/A,PRO,DateYYYY-MM-DDType,RexPricingRequest ShoppingRequest,,Previous Exchange Date,,
D96,N/A,PRO,TimeHHMMType,ShoppingRequest,,Earliest departure time,,
DFL,N/A,PRO,BoolTFType,ShoppingRequest,,Disable Family Logic,T/F,
DFN,N/A,PRO,xs:short,PricingRequest,,Spanish Large Family Discount Level,1 to 2,
I01,N/A,ATH,xs:string,PricingRequest,,Session Conv ID,Shared/IDL:IceSess\/SessMgr:1\.0.IDL/Common/!ICESMS\/STSA!ICESMSLB\/STS.LB!-4339945816980846526!1978696!0,
I02,N/A,ATH,xs:string,PricingRequest,,Action Name,SSG_PSS_AirSeatMapRQ,
E00,N/A,,MessageIDType,ATSEWriter,,Message ID,,
E10,N/A,,CloserIDType,ATSEWriter,,Closer ID,,
E20,N/A,,DomainIDType,ATSEWriter,,Domain ID,,
E30,N/A,,ObjectNameType,ATSEWriter,,Object name,,
E40,N/A,,IDType,ATSEWriter,,OwnerID,,
E50,N/A,,IDType,ATSEWriter,,UserID,,
E60,N/A,,ParameterType,ATSEWriter,,first parameter,,
E61,N/A,,ParameterType,ATSEWriter,,second parameter,,
E62,N/A,,ParameterType,ATSEWriter,,third parameter,,
E63,N/A,,ParameterType,ATSEWriter,,fourth parameter,,
EXL,N/A,PCL,BoolTFType,ShoppingRequest,,Excluded/Preferred,T,
FGI,N/A,"PXI, NET",CharType,Pricing Response,,Fee Guarantee Indicator,"C, W",
FSR,,,Record Type,ATSEWriter,,Fare Search Response Record,FSR,
FTY,N/A,CAL,AlphaNumCharType,,,Fare Type bitmap in 2 digit Hex,0E,
GSR,,,Record Type,ATSEWriter,,Generic Service Response Record,GSR,
LBU,N/A,,Indicates a group of LBT Elements,,,,,
LBT,N/A,LBU,Indicates a Lower Bounds Element,,,,,
MIN,N/A,DUR,xs:short,ShoppingRequest,,min duration for alt date,,
MAX,N/A,DUR,xs:short,ShoppingRequest,,max duration for alt date,,
MTO,N/A,PRO,BoolTFType,PricingRequest,,Indicator Muti-Ticket requested,T/F,
L00,N/A,N/A,xs:long,BipRequest PricingRequest,,Transaction ID,1,
N00,CCB,CAL HIP,AlphaNumCharType,"lfsresponse, PricingResponse",,Cabin code,Y,
N01,ATY,CCD,AlphaNumCharType,lfsresponse,,Application type,,
N02,COT,CCD,AlphaNumCharType,lfsresponse,,Conversion type,,
N03,STI,FLI,AlphaNumCharType,lfsrequest,,Segment type                                                    ,A,
N04,CAB,FLI HIP,AlphaNumCharType,"lfsresponse, PricingResponse",,Cabin code,Y,
N05,FDR,FLI,AlphaNumCharType,lfsresponse,,DOT rating, ,
N06,MTY,MSG,AlphaNumCharType,lfsresponse,,Message type,E,
N07,FEQ,PRO,AlphaNumCharType,lfsrequest,,Flight equipment restrictions                                           ,A,
N08,ITS,PRO,AlphaNumCharType,lfsrequest,,Return calcs                                                    ,S,
N09,CAP,PXI,AlphaNumCharType,lfsresponse,,Commission cap P/A/B,,
N0A,FBM,PXI,AlphaNumCharType,lfsresponse,,Fare BSP method type,,
N0B,FNG,PXI,AlphaNumCharType,lfsresponse,,Net gross indicator,N,
N0C,FTI,PXI,AlphaNumCharType,lfsresponse,,"Tour ind T-Tour,V-value,C-car",V,
,,,,,,,,
N0D,SBI,SEG,AlphaNumCharType,lfsresponse,,Segment baggage indicator,,
N0E,CBP,SGI,AlphaNumCharType,lfsrequest,,Consider only this cabin                                        ,Y,
N0F,CST,SUR,AlphaNumCharType,lfsresponse,,Surcharge type,A,
N0G,DUT,AGI,AnyCharType,lfsrequest,,Agent duty code                                                    ,*,
N0H,OSS,ADP,AnyCharType,lfsrequest,,Outbound Date adjusted to cover Saturday Stay,S,
N0I,ISS,IDL,AnyCharType,lfsrequest,,Inbound date adjusted to include a Saturday Stay,S,
N0J,IMD,SGI,MidPointIndicatorType,lfsrequest,,Midpoint indicator type,X,
N0K,N0K,CAL,AnyCharType,lfsresponse,,Fare indicator type     ,"P, N, B, S, E, M, C",
N0L,CMT,AGI,AnyCharType,PricingRequest,,Agent commission type,"P, A, or blank",
N0M,CRC,PRO,AnyCharType,PricingRequest,,"Country type E, N or R",E,
N0N,N/A,PRO,BldFareCalcType,PricingRequest ShoppingRequest,,"Build fare calc indicator B, S, Y or N",B,
N0P,N/A,,AnyCharType,ATSEWriter,,Entry Type,,
,,,,,,,,
N0Q,N/A,,AnyCharType,ATSEWriter,,Agent function code,,
N0R,N/A,,AnyCharType,ATSEWriter,,Sum of local fares,,
N0S,N/A,,NodeIDType,ATSEWriter,,Node ID,,
N0T,N/A,,AlphaNumCharType,ATSEWriter,,Message Status,,
N0U,N/A,,AlphaNumCharType,ATSEWriter,,Records status,,
N0V,N/A,,AlphaNumCharType,ATSEWriter,,Poll type,,
N0W,N/A,N/A,AnyCharType,GenerateRuleRequest,,Type of request,0,
N0X,N/A,N/A,AnyCharType,GenerateRuleRequest,,Relational indicator,&,
,,,,,,,,
,,,,,,,,
N0Y,N/A,N/A,AnyCharType,GenerateRuleRequest,,In/out indicator,I,
N0Z,N/A,N/A,AlphaNumCharType,GenerateRuleRequest,,Directionality,1,
,,,,,,,,
N11,N/A,UCL,AnyCharType,ATSEWriter,UC Loopback Instr,Class1,,
N12,N/A,UCL,AnyCharType,ATSEWriter,UC Loopback Instr,Class2,,
N13,N/A,UCL,AnyCharType,ATSEWriter,UC Loopback Instr,Class3,,
N14,N/A,UCL,AnyCharType,ATSEWriter,UC Loopback Instr,Source1,,
N15,N/A,UCL,AnyCharType,ATSEWriter,UC Loopback Instr,Source2,,
N16,N/A,UCL,AnyCharType,ATSEWriter,UC Loopback Instr,Source3,,
,,,,,,,,
N1A,N/A,N/A,AnyCharType,GenerateCombinabilityRuleRequest,,Single open jaw indicator,"Y, N, R, ''",
N1B,N/A,N/A,AnyCharType,GenerateCombinabilityRuleRequest,,Occurrence of open jaw,"O, E, E, ''",
N1C,N/A,N/A,AnyCharType,GenerateCombinabilityRuleRequest,,Double open jaw indicator,"Y, N, R, ''",
N1D,N/A,N/A,AnyCharType,GenerateCombinabilityRuleRequest,,End on end indicator,"Y, N, R, M, ''",
N1E,N/A,N/A,AnyCharType,GenerateCombinabilityRuleRequest,,Add-on indicator,"Y, N, R, M, ''",
N1F,N/A,N/A,AnyCharType,CurrencyCoversionRequest,,Command type,"C, D",
N1G,BDK,PRO,AnyCharType,PricingRequest,,EPR,,
N1H,N/A,N/A,AnyCharType,FareDisplayRequest,,Type of fare,,
N1I,N/A,N/A,AnyCharType,FareDisplayResponse,,Net fare type,"X, A",
N1J,N/A,N/A,AnyCharType,FareDisplayResponse,,Construction type,"E, A",
N1K,PUT,CAL,AlphaNumCharType,PricingResponse,,Pricing Unit type,"U, J, R, C, O",
N1L,N0J,SEG,AlphaNumCharType,PricingResponse,,Journey type,"F, L",
SHR,N/A,SEG,xs:string,PricingResponse,,Equipment type,"777, S80, CR7",
N1M,N/A,N/A,AnyCharType,RuleRequest,,Local type,"T, U, I, H, V",
N1N,N/A,N/A,AnyCharType,PricingRequest,,Married seg ctrl id,,
N1O,ACD,N/A,AnyCharType,PricingRequest,,Freq flier VIP-type,,
N1P,N/A,N/A,AnyCharType,FareDisplayRequest,,CAT35 type,"N, S, M, R",
N1Q,N/A,OPT,AnyCharType,CurrencyConversionRequest,,DC Alpha Char Indicator,A,
N1R,N/A,PRO,AnyCharType,PricingRequest,,FareFamily,N S T,
N1S,N/A,PXI,AlphaNumCharType,PricingResponse,,Tour Code/Value Code Print Option," ', 1, 2, 3, 4",
N1T,N/A,PRO,AlphaNumCharType,ShoppingRequest,,Grouping method for the MIP request,"1,2, 3",
N1U,N/A,FDC,AnyCharType,ShoppingResponse,,Private Fare Type indicator,* / X @,
N1V,N/A,OPT,AnyCharType,CurrencyConversionRequest,,Request Type,"D,F",
N1W,N/A,OPT,BoolTFType,CurrencyConversionRequest,,Future date indicator,T,
N1X,N/A,REX,AnyCharType,RexPricingResponse,,Residual Indicator,Ignore/Subtract/Refund/Blank/SubtractForNonRef,
N1Y,N/A,REX,AnyCharType,RexPricingResponse,,Type of Service Fee Tag, ' or 'X',
N1Z,N/A,REX,AnyCharType,RexPricingResponse,,Type of Reissue Transaction from byte 79,A-reissue/B-revalidation/Blank,
N20,N/A,REX,AnyCharType,RexPricingResponse,,Form of Refund,Blank/Script/Mco/Voucher,
N21,N/A,FBC,AnyCharType,AirlineBrandingResponse,,Include Fare Basis Indicator,Y,
N22,N/A,BRN,AnyCharType,ShoppingRequest,,Branded Fare/Fare type selector indicator,"C,P,B",
N23,N/A,PRO,AnyCharType,BFFRequest,,request for Oneway or Round Trip,"O,R",
N24,N/A,BRN,AnyCharType,ShoppingRequest,,Fare Family,"BPT-, -IX",
N25,N/A,RexPricingRequest ShoppingRequest,AlphaNumCharType,RexPricingRequest ShoppingRequest,,Process Type for Primary Request,A for reissue/exchange,
N26,N/A,RexPricingRequest,AlphaNumCharType,RexPricingRequest,,Process Type for Secondary Request,A for reissue/exchange,
N27,N/A,RexPricingResponse SUM ITN,AlphaNumCharType,RexPricingResponse ShoppingResponse,,Reissue or Exchange Indicator,1 for Reissue and 2 for Exchange,
OCL,N/A,PRO,BoolTFType,PricingRequest,,Low fare requested witn NO rebook,T,
P01,C15,CAL,BoolTFType,lfsresponse,,Fail cat15 for pricing,T,
P02,CIU,CAL,BoolTFType,lfsresponse,,IATA authorized carrier,T,
P03,COD,CAL,BoolTFType,lfsresponse,,One way directional fare,T,
P04,COW,CAL,BoolTFType,lfsresponse,,One way fare,T,
P05,CRT,CAL,BoolTFType,lfsresponse,,Round trip fare,T,
P06,CTR,CAL,BoolTFType,lfsresponse,,Ticketing is restricted,T,
P07,FRC,CAL,BoolTFType,lfsresponse,,Fare by rule negotiated child,T,
P08,FRI,CAL,BoolTFType,lfsresponse,,Fare by rule negotiated infant,T,
P09,FRN,CAL,BoolTFType,lfsresponse,,Fare by rule negotiated,T,
P0A,FSA,CAL,BoolTFType,lfsresponse,,Fare by rule spouse accompany,T,
P0B,FSH,CAL,BoolTFType,lfsresponse,,Fare by rule spouse head,T,
P0C,FSI,"PRO,CAL",BoolTFType,lfsrequest/lfsresponse,,Fare by rule seaman infant,T,
P0D,FSM,CAL,BoolTFType,lfsresponse,,Fare by rule seaman adult,T,
P0E,VGR,CAL,BoolTFType,lfsresponse,,Verify geographical restriction,T,
P0F,WEB,"PRO,CAL,COM,FLI,PXI,SEG",BoolTFType,lfsrequest/lfsresponse,,Web based fare T/F,T,
P0G,ACO,COM,BoolTFType,lfsresponse,,Alternate city option T/F,T,
P0H,DCT,COM,BoolTFType,lfsresponse,,DCA Throttled T/F,T,
P0I,DTO,COM,BoolTFType,lfsresponse,,DCA Timed Out T/F,T,
P0J,ETK,"COM, PRO",BoolTFType,lfsresponse,,E-Ticketable Fare T/F,T,
P0K,FOO,COM,BoolTFType,lfsresponse,,Opaque option T/F,T,
P0L,PCT,COM,BoolTFType,lfsresponse,,Prices for current itinerary indicator,T,
P0M,POO,COM,BoolTFType,lfsresponse,,Published option T/F,T,
,,,,,,,,
P0N,RBK,COM,BoolTFType,lfsresponse,,Change class must rebook,T,
P0O,WCF,COM,BoolTFType,lfsresponse,,Web commission T/F,T,
P0P,WNC,COM,BoolTFType,lfsresponse,,Web non commission T/F,T,
P0Q,BLK,"PRO,COM,PXI",BoolTFType,lfsrequest/lfsresponse,,Bulk fare T/F,T,
,,,,,,,,
P0R,ECP,ECI,BoolTFType,lfsrequest,,Consider eticket pseudo                                           ,T,
P0S,ASM,FLI,BoolTFType,lfsresponse,,Availability from Seamless carrier,T,
P0T,BBR,FLI,BoolTFType,lfsresponse,,Online BBR carrier itinerary,T,
P0U,CDC,FLI,BoolTFType,lfsresponse,,Call direct carrier,T,
P0V,CNX,FLI,BoolTFType,lfsresponse,,Flight is a connection,T,
P0W,COE,FLI,BoolTFType,lfsresponse,,Change of equipment indicator,T,
P0X,DCX,FLI,BoolTFType,lfsresponse,,Direct connect participant,T,
P0Y,DOT,FLI,BoolTFType,lfsresponse,,DOT disclosure,T,
P0Z,ETI,FLI,BoolTFType,lfsresponse,,Electronic ticketing,T,
P10,INT,FLI,BoolTFType,lfsresponse,,Interline connection,T,
P11,MID,FLI,BoolTFType,lfsresponse,,This is the mid point,T,
P12,MNX,FLI,BoolTFType,lfsresponse,,Flight is a married connection,T,
P13,OAL,FLI,BoolTFType,lfsresponse,,Code share carrier,T,
P14,SC3,FLI,BoolTFType,lfsresponse,,3 segment connection,T,
P15,SC4,FLI,BoolTFType,lfsresponse,,4 segment connection,,
P16,SG1,FLI,BoolTFType,lfsresponse,,This flt is segment 1 of a connection,T,
P17,SG2,FLI,BoolTFType,lfsresponse,,This flight is segment 2 of a connection,T,
P18,SG3,FLI,BoolTFType,lfsresponse,,This flight is segment 3 of a connection,T,
P19,SG4,FLI,BoolTFType,lfsresponse,,This flight is segment 4 of a connection,T,
P1A,SMS,FLI,BoolTFType,lfsresponse,,Seamless carrier,T,
P1B,TAC,FLI,BoolTFType,lfsresponse,,TA Carrier,T,
P1C,AC5,PRO,BoolTFType,lfsrequest,,AC5 input parameter                                             ,T,
P1D,ACM,PRO,BoolTFType,lfsrequest,,ACM input parameter                                             ,T,
P1E,ADA,PRO,BoolTFType,lfsrequest,,Allow different airports                                        ,T,
P1F,ADB,PRO,BoolTFType,lfsrequest,,Alternate dates requested                                       ,T,
P1G,ADL,PRO,BoolTFType,lfsrequest,,Alternate dates solution must be lower                          ,T,
P1H,AVS,PRO,BoolTFType,lfsrequest,,AVS input parameter                                             ,T,
P1I,,PRO,wrong type,lfsrequest,,depricated - replaced by Q45,,
P1J,BUF,PRO,BoolTFType,lfsrequest,,Fill the buffer                                                 ,T,
P1K,BUL,PRO,BoolTFType,lfsrequest,,Bulk fare option                                                ,T,
P1L,CAD,PRO,BoolTFType,lfsrequest,,Canada travel                                                   ,T,
P1M,DCA,PRO,BoolTFType,lfsrequest,,DCA input parameter                                             ,T,
P1N,FBI,PRO,BoolTFType,lfsrequest,,Fare by rule entry                                              ,T,
,,,,,,,,
P1O,FLS,PRO,BoolTFType,lfsrequest,,Count all flight stops                                               ,T,
P1P,FRP,PRO,BoolTFType,lfsrequest,,First flight repeat                                             ,T,
P1Q,N/A,PRO,BoolTFType,lfsrequest,,flight before multi,T,
P1R,HOS,PRO,BoolTFType,lfsrequest,,HOS input parameter                                             ,T,
P1S,HZP,PRO,BoolTFType,lfsrequest,,Hotwire ZP option                                               ,T,
P1T,IGN,PRO,BoolTFType,lfsrequest,,Ignore time stamp (/ITS)                                        ,T,
P1U,MMS,PRO,BoolTFType,lfsrequest,,Min Max Stay                                                    ,T,
P1V,NCS,PRO,BoolTFType,lfsrequest,,Price no availability                                           ,T,
P1W,ONL,PRO,BoolTFType,lfsrequest,,Online fares                                                    ,T,
P1X,OPQ,PRO,BoolTFType,lfsrequest,,Opaque entry option (R-Y)                                       ,T,
P1Y,PUB,PRO,BoolTFType,lfsrequest,,Public fares                                                    ,T,
P1Z,PVL,PRO,BoolTFType,lfsrequest,,Private fares                                                   ,T,
P20,PXO,PRO,BoolTFType,lfsrequest,,XO fares                                                        ,T,
P21,PYY,PRO,BoolTFType,lfsrequest,,IATA fares                                                      ,T,
P22,RPY,PRO,BoolTFType,lfsrequest,,Refund penalty                                                   ,T,
P23,RTK,PRO,BoolTFType,lfsrequest,,Reservation ticket restrictions                                         ,T,
P24,SRC,PRO,BoolTFType,lfsrequest,,SRC input parameter                                             ,T,
P26,FCU,PXI,BoolTFType,lfsresponse,,Cat35 fare is used,T,
P27,FNR,PXI,BoolTFType,lfsresponse,,Non refundable indicator,T,
P28,FOC,PXI,BoolTFType,lfsresponse,,Override Cat35 Fare,T,
P29,FTR,PXI,BoolTFType,lfsresponse,,Ticketing restriction for pax,T,
P2A,LCM,PXI,BoolTFType,lfsresponse,,LCM in country of payment currenc,T,
P2B,NOC,PXI,BoolTFType,lfsresponse,,Fare negotiated without corp indicator,T,
P2C,NWC,PXI,BoolTFType,lfsresponse,,Fare negotiated with corp indicator,T,
P2D,PSI,PXI,BoolTFType,lfsresponse,,Paper surcharge included,T,
P2E,PSM,PXI,BoolTFType,lfsresponse,,Paper surcharge may apply,T,
P2F,FBK,SEG,BoolTFType,lfsresponse,,Fare break point,T,
P2G,PMC,SEG,BoolTFType,lfsresponse,,Off point part of main component,T,
P2H,SCX,SEG,BoolTFType,lfsresponse,,Connection segment,T,
P2I,SEM,SEG,BoolTFType,lfsresponse,,Extra mileage allowance,T,
P2J,SEQ,SEG,BoolTFType,lfsresponse,,Mileage equalization,T,
P2K,SME,SEG,BoolTFType,lfsresponse,,Mileage calculation exclusion,T,
P2L,SMR,SEG,BoolTFType,lfsresponse,,Mileage reduction point,T,
P2M,SSS,SEG,BoolTFType,lfsresponse,,Stopover segment,T,
P2N,SST,SEG,BoolTFType,lfsresponse,,Side trip indicator,T,
P2O,STA,SEG,BoolTFType,lfsresponse,,Turnaround point,T,
P2P,EMU,TAX,BoolTFType,lfsresponse,,EMU currency,T,
P2Q,GST,TAX,BoolTFType,lfsresponse,,Goods and services tax,T,
P2R,IAT,PRO,BoolTFType,lfsrequest,,Ignore accompanied travel,T,
P2S,,,BoolTFType,lfsrequest,,Same fare class only ,T,
P2T,,,BoolTFType,lfsresponse,,Alternate date solution indicator,T,
P2U,,,BoolTFType,lfsresponse,,Forced saturday night solution indicator,T,
P2V,BAT,PRO,BoolTFType,lfsrequest,,Bypass availability table indicator,T,
P2W,DCS,PRO,BoolTFType,lfsrequest,,DCA status,T,
P2X,ETK,PRO,BoolTFType,lfsrequest,,eTicket solution indicator,T,
P2Y,OBC,FLI,BoolTFType,lfsresponse,,Outbound connection,T,
P2Z,IBC,FLI,BoolTFType,lfsresponse,,Inbound connection,T,
P30,MOC,FLI,BoolTFType,lfsresponse,,Married outbound connection,T,
P31,MIC,FLI,BoolTFType,lfsresponse,,Married inbound connection,T,
P32,TZD,FLI,TimeZoneType,lfsresponse,,Departure/Arrival time zone difference,T,
P33,ADM,FLI,xs:short,lfsresponse,,Alternate city departure miles,T,
P34,AAM,FLI,xs:short,lfsresponse,,Alternate city arrival miles,T,
P35,AFC,PRO,BoolTFType,lfsresponse,,Availability before flight combine,T,
P35,DIV,COM,BoolTFType,lfsresponse,,Divide party,T,
P36,APF,PRO,BoolTFType,lfsresponse,,Availability per fare component,T,
P37,DCR,PRO,BoolTFType,lfsresponse,,Real DCA,T,
P38,DCX,PRO,BoolTFType,lfsresponse,,DCA Cache,T,
P39,FPF,PRO,BoolTFType,lfsresponse,,Flights per fare component,T,
P3A,N/A,,BoolTFType,ATSEWriter,,Specified pax type only,,
P3B,N/A,,BoolTFType,ATSEWriter,,Online connections only ,,
P3C,N/A,,BoolTFType,ATSEWriter,,Directs only,,
P3D,N/A,,BoolTFType,ATSEWriter,,Contains main dates,,
P3E,N/A,,BoolTFType,ATSEWriter,,Write log,,
P3F,N/A,,BoolTFType,LBT server,,force rebuild of service lvl indicators,,
P3G,N/A,PRO,BoolTFType,lfsrequest,,WPNI multi,T,
P3H,N/A,PRO,BoolTFType,lfsrequest,,LFS search - start from zero LBT,,
P3I,N/A,PRO,BoolTFType,lfsrequest,,LFS search - ignore LBT svc level indicators,,
P3J,N/A,SUM,BoolTFType,lfsresponse,,Fare Calc Too Long,T,
P3K,N/A,PXI,BoolTFType,lfsresponse,,Net Remit Published Fare Retrieved,T,
P3L,N/A,PXI,BoolTFType,lfsresponse,,TFR Restricted,T,
P3M,SSS,SEG,BoolTFType,lfsresponse,,Transfer segment,T,
P40,GRD,PRO,BoolTFType,lfsresponse,,Group flights for Real DCA,T,
P41,MIX,PRO,BoolTFType,lfsresponse,,Interline Solutions only,T,
P42,NDV,PRO,BoolTFType,lfsresponse,,Reuse Outbound flights,T,
P43,THR,PRO,BoolTFType,lfsresponse,,Thru fares only,T,
P44,CU3,PRO,BoolTFType,PricingRequest,,Currency override,T,
P45,FBR,PRO,BoolTFType,PricingRequest,,Fare by rule entry,T,
P46,ECX,PRO,BoolTFType,PricingRequest,,Consider Eticket carriers,T,
P47,ITB,PRO,BoolTFType,PricingRequest,,No penalties,T,
P48,ITC,PRO,BoolTFType,PricingRequest,,No advance purchase restriction,T,
P49,ITD,PRO,BoolTFType,PricingRequest,,No min/max stay restriction,T,
P4A,N/A,PRO,BoolTFType,PricingRequest,,FareX entry,T,
P4B,N/A,PRO,BoolTFType,PricingRequest,,UpSell entry,T,
P4N,N/A,PRO,BoolTFType,PricingRequest,,Ignore Net Remit Fares,F,
P50,ITE,PRO,BoolTFType,PricingRequest,,Normal fare,T,
P51,ITF,PRO,BoolTFType,PricingRequest,,Low fare no availability,T,
P52,ITG,PRO,BoolTFType,PricingRequest,,Low fare requested,T,
P53,ITH,PRO,BoolTFType,PricingRequest,,Exempt specific taxes,T,
P54,ITI,PRO,BoolTFType,PricingRequest,,Exempt all taxes,T,
P55,ITJ,PRO,BoolTFType,PricingRequest,,Price null date,T,
,,,,,,,,
P56,ITK,PRO,BoolTFType,PricingRequest,,Multi host elects PFC,T,
P57,ITL,PRO,BoolTFType,PricingRequest,,Ticket by mail,T,
P58,ITM,PRO,BoolTFType,PricingRequest,,Ticket entry,T,
P59,ITN,PRO,BoolTFType,PricingRequest,,CAT35 not allowed,T,
P60,IT3,PRO,BoolTFType,PricingRequest,,CAT35 fare should be ignored,T,
P61,ITO,PRO,BoolTFType,PricingRequest,,Form of payment cash,T,
P62,ITQ,PRO,BoolTFType,PricingRequest,,Form of payment check,T,
P63,ITR,PRO,BoolTFType,PricingRequest,,Form of payment card,T,
P64,IT1,PRO,BoolTFType,PricingRequest,,Use contract number,T,
P65,IT2,PRO,BoolTFType,PricingRequest,,Use ticket designator,T,
P66,PFC,PRO,BoolTFType,PricingRequest,,Exempt from PFC tax,T,
P67,GTR,PRO,BoolTFType,PricingRequest,,Government transportation request,T,
P68,FCD,PRO,BoolTFType,PricingRequest,,Fare calculation display,T,
P69,MCC,PRO,BoolTFType,PricingRequest,,M override,T,
P70,SEL,PRO,BoolTFType,PricingRequest,,CAT35 sell indicator,T,
P71,NET,PRO,BoolTFType,PricingRequest,,CAT35 net indicator,T,
P72,SFC,SGI,BoolTFType,PricingRequest,,Forced connection,T,
P73,SFS,SGI,BoolTFType,PricingRequest,,Forced stop over,T,
P74,SFB,SGI,BoolTFType,PricingRequest,,Forced fare break,T,
P75,SNB,SGI,BoolTFType,PricingRequest,,Forced no fare break,T,
P76,FST,SGI,BoolTFType,PricingRequest,,Forced side trip,T,
P77,RQE,PRO,BoolTFType,PricingRequest,,RQ Record Quote,T,
P78,N/A,FLS,BoolTFType,SSS_ShoppingResponse,,Seats remaining below minimum,T,
P79,N/A,COM,BoolTFType,SSS_ShoppingResponse,,Promo redemption eligible,T,
P80,N/A,PRO,BoolTFType,FareDisplayRequest,,Validate rules,T,
P81,N/A,PRO,BoolTFType,FareDisplayRequest,,Reverse Sort,T,
P82,N/A,PRO,BoolTFType,FareDisplayRequest,,"Display base, tax and total amounts",T,
P83,N/A,PRO,BoolTFType,FareDisplayRequest,,Exclude fares with MinMax stay restr.,T,
P84,N/A,PRO,BoolTFType,FareDisplayRequest,,Exclude fares with penalty,T,
P85,N/A,PRO,BoolTFType,FareDisplayRequest,,Exclude fares with advance purchase,T,
P86,N/A,PRO,BoolTFType,FareDisplayRequest,,Exclude fares with any restrictions,T,
P87,N/A,PRO,BoolTFType,FareDisplayRequest,,All carriers,T,
P88,N/A,PRO,BoolTFType,FareDisplayRequest,,Sort ascending,T,
P89,N/A,PRO,BoolTFType,FareDisplayRequest,,Sort descending,T,
P90,N/A,PRO,BoolTFType,FareDisplayRequest,,Adult fares,T,
P91,N/A,PRO,BoolTFType,FareDisplayRequest,,Child fares,T,
P92,N/A,PRO,BoolTFType,FareDisplayRequest,,Infant fares,T,
P93,N/A,PRO,BoolTFType,FareDisplayRequest,,Unique account code,T,
P94,N/A,PRO,BoolTFType,FareDisplayRequest,,Unique corporate id,T,
P95,N/A,N/A,BoolTFType,GenerateRuleRequest/ShoppingResponse,,is international,T,
P96,N/A,N/A,BoolYNType,GenerateCombinabilityRuleRequest,,Carrier restrictions,Y,
P97,N/A,N/A,BoolYNType,GenerateCombinabilityRuleRequest,,Tariff/Rule restrictions,Y,
P98,N/A,N/A,BoolYNType,GenerateCombinabilityRuleRequest,,Fare Class/Type restrictions,Y,
P99,N/A,N/A,BoolYNType,GenerateCombinabilityRuleRequest,,Circle trip indicator,Y,
PA1,N/A,N/A,BoolYNType,GenerateCombinabilityRuleRequest,,CT carrier restrictions,Y,
PA2,N/A,N/A,BoolYNType,GenerateCombinabilityRuleRequest,,CT tariff/rule restrictions,Y,
PA3,N/A,N/A,BoolYNType,GenerateCombinabilityRuleRequest,,CT fare class/type restrictions,Y,
PA4,N/A,N/A,BoolYNType,GenerateCombinabilityRuleRequest,,CT more than 2 components,Y,
PA5,N/A,N/A,BoolYNType,GenerateCombinabilityRuleRequest,,CT2 carrier restrictions,Y,
PA6,N/A,N/A,BoolYNType,GenerateCombinabilityRuleRequest,,CT2 tariff/rule restrictions,Y,
PA7,N/A,N/A,BoolYNType,GenerateCombinabilityRuleRequest,,EOE carrier restrictions,Y,
PA8,N/A,N/A,BoolYNType,GenerateCombinabilityRuleRequest,,EOE tarrif/rule restrictions,Y,
PA9,N/A,N/A,BoolYNType,GenerateCombinabilityRuleRequest,,EOE fare class/type restrictions,Y,
PAA,N/A,N/A,BoolYNType,GenerateCombinabilityRuleRequest,,Add-on carrier restrictions,Y,
PAB,N/A,N/A,BoolYNType,GenerateCombinabilityRuleRequest,,Add-on tariff/rule restrictions,Y,
PAC,N/A,N/A,BoolYNType,GenerateCombinabilityRuleRequest,,Add-on fare class/type restrictions,Y,
PAD,FSI,"PRO,CAL",BoolTFType,lfsrequest/lfsresponse,,Fare by rule seaman child,T,
PAE,,PRO,BoolTFType,ShoppingRequest,,Ignore Diversity,F,
PAF,,PRO,BoolTFType,ShoppingRequest,,Need Fare Line,F,
PAG,N/A,N/A,BoolTFType,CurrencyConversionRequest,,Bankers selling rate keyword,T,
PAH,N/A,N/A,BoolTFType,ConversionConversionRequest,,Reciprocal,T,
PAI,N/A,N/A,BoolTFType,MileageRequest,,is an arunk,T,
PAJ,N/A,N/A,BoolTFType,FareDisplayResponse,,Call direct indicator,T,
PAK,N/A,N/A,BoolTFType,FareDisplayResponse,,YY fare indicator,T,
PAL,N/A,N/A,BoolTFType,FareDisplayResponse,,Same day fare,T,
PAM,N/A,N/A,BoolTFType,FareDisplayRequest,,Rule display menu,T,
PAN,N/A,N/A,BoolTFType,FareDisplayRequest,,Routing display,T,
PAO,N/A,N/A,BoolTFType,FareDisplayRequest,,Header display,T,
PAP,N/A,N/A,BoolTFType,FareDisplayRequest,,Intl construction display,T,
PAQ,N/A,N/A,BoolTFType,FareDisplayRequest,,FD display,T,
PAR,PFI,SUM,BoolTFType,FareDisplayRequest PricingResponse,,Private fare indicator,T,
,,,,,,,,
PAS,N/A,N/A,BoolTFType,FareDisplayRequest,,Constructed fare indicator,T,
PAT,N/A,N/A,BoolTFType,FareDisplayRequest,,Seasonal app,T,
PAU,N/A,N/A,BoolTFType,FareDisplayResponse,,Pricing/Ticketing restriction indicator,T,
PAV,N/A,N/A,BoolTFType,FareDisplayResponse,,Vendor code indicator,T,
PAW,SAB,SEG,BoolTFType,PricingResponse,,Availability break indicator,T,
PAX,C05,CAL,BoolTFType,PricingResponse,,Cat5 requires rebook,T,
PAY,RTG,CAL,BoolTFType,PricingResponse,,Milage routing indicator,T,
PAZ,NOS,CAL,BoolTFType,PricingResponse,,Special fare indicator,T,
,,,,,,,,
PBA,N/A,PRO,BoolTFType,FareDisplayRequest,,Combinability scoreboard display,T,
PBB,N/A,N/A,BoolTFType,FareDisplayRequest,,Carrier not entered,T,
PBC,SMT,SUM,BoolTFType,PricingResponse,,Simultaneous Res Tkt,T,
PBD,N/A,N/A,BoolTFType,RuleRequest,,Generic update indicator,T,
PBE,N/A,N/A,BoolTFType,RuleRequest,,Redistribute indicator,T,
PBF,INF,N/A,BoolTFType,PricingRequest,,Traveling with infant,T,
PBG,JPS,N/A,BoolTFType,PricingRequest,,JPS indicator,T,
PBI,N/A,N/A,BoolTFType,PricingRequest,,Fuel Surcharge Ind,T,
PBJ,N/A,N/A,BoolTFType,PricingRequest,,Booking code override ind,T,
PBK,N/A,N/A,BoolTFType,PricingRequest,,Baggage allowance,T,
PBL,N/A,N/A,BoolTFType,MileageRequest,,WN with itinerary,T,
PBM,N/A,N/A,BoolITFType,ShoppingRequest,,callToAvailability,,
PBN,N/A,PRO,BoolTFType,FareDisplayRequest,,View private fares indicator,T,
PBO,N/A,PRO,BoolTFType,FareDisplayRequest,,Selling currency indicator,T,
PBP,N/A,PRO,BoolTFType,FareDisplayRequest,,One way indicator,T,
PBQ,N/A,PRO,BoolTFType,FareDisplayRequest,,Half round trip indicator,T,
PBR,N/A,PRO,BoolTFType,FareDisplayRequest,,CAT22 indicator,T,
PBS,N/A,PXI,BoolTFType,PricingResponse,,Accompanied travel restrict indicator,T,
PBU,N/A,FDC,BoolTFType,ShoppingResponse,,match Corp ID,T,
PBT,N/A,PXI,BoolTFType,ValiationResponse,,Ticketing guaranteed indicator,T,
PBV,N/A,N/A,BoolTFType,MultiPricingResponse,,No-match indicator,T,
PBW,N/A,N/A,BoolTFType,MultiPricingResponse,,WP No-match indicator,T,
PBX,N/A,SOP,BoolTFType,ShoppingRequest,,Combine to the same carrier only,T,
PBY,N/A,,BoolITFType,PricingRequest,,Equinox request for JR01,T,
PBZ,N/A, PRO,BoolTFType, PricingRequest,Ticketing Override Indicator, WPB'16MAR06 - True, WP - False,
PCA,N/A,ITN,BoolTFType,ShoppingRequest,,Call to Availability per Itin,,
PCB,N/A, PRO,BoolTFType,PricingResponse,,Override Paper Ticket Surcharge ,T,
PCC,N/A,PRO,BoolTFType,FareDisplayRequest,,Validate rules excluding Day/Time Application,T,
PCD,N/A,N/A,BoolTFType,PricingRequest,,JAL/AXESS WPNETT ENTRY,T,
PCE,N/A,N/A,BoolTFType,PricingRequest,,JAL/AXESS WPSEL ENTRY,T,
PCF,N/A,PRO,BoolTFType,FareDisplayRequest,,Brand Grouping Opt Out indicator,T,
PCG,N/A,PRO,AnyCharType,RexPricingRequest,,Bypass Advance Purchase Option ,F/TN/Blank,
PCH,N/A,SGI,BoolTFType,RexPricingRequest,,Multi Airport Segment Indicator,T,
PCI,N/A,SGI,BoolTFType,RexPricingRequest,,Segment Flown,T,
PCR,N/A,AAF,BoolTFType,ShoppingRequest,,BBR flight ,T,
PCU,N/A,SOP,BoolTFType,ShoppingRequest,,Custom Routing and Carrier indicator ,F,
PDA,N/A,MKT,BoolYNType,AirlineBrandingRequest,,Return all Branded Fares Programs,Y,
PEF,N/A,PRO,BoolTFType,ShoppingRequest,,Extreme fares requested,F,
PHR,N/A,PRO,BoolTFType,ShoppingRequest,,One way processing path,F,
PNS,N/A,PRO,BoolTFType,PricingRequest,,TJR NETSELL Indicator,T/F,
PPC,N/A,PRO,BoolTFType,PricingRequest,,Indicator Ancillary access by WP*AE Activation,T/F,
PR0,N/A,SOD,BoolTFType,ShoppingResponse,,Flight Change Allowed,T/F,
PR1,N/A,FLT,BoolTFType,ShoppingResponse,,Booking Code Change Allowed,T/F,
PR2,N/A,SOD,BoolTFType,ShoppingResponse,,Exact Carrier (CRL without governing carrier),T/F,
PR3,N/A,SOD,BoolTFType,ShoppingResponse,,Preferred Carrier (CRL are preferred),T/F,
PR4,N/A,N/A,BoolTFType,ExchangeShoppingResponse,,Shop only current itinerary,T/F,
PSL,N/A,PRO,BoolTFType,ShoppingRequest,,Sum of locals processing requested,F,
PTF,N/A,PRO,BoolTFType,ShoppingRequest,,exclude local fare markets on SOL path,F,
PXA,N/A,N/A,BoolTFType,PricingRequest,,WPA 50 options,T,
PXB,N/A,N/A,BoolTFType,AltPricingRequest,,WPAS - WPA with no availability check,T,
PXC,N/A,N/A,BoolTFType,PricingRequest,,ForceCorporateFares,T,
PXD,N/A,N/A,BoolTFType,ShoppingRequest,,Branded Fare,T,
PXE,N/A,PRO,BoolITFType,ShoppingRequest,,inhibit split PNR options,F,
PXF,N/A,TAX,BoolTFType,RexPricingResponse,,Reissue Restriction Apply,T,
PXG,N/A,TAX,BoolTFType,RexPricingResponse,,Apply to Reissue,T,
PXH,N/A,TAX,BoolTFType,RexPricingResponse,,Reissue Tax Refundable,T,
PXJ,N/A,REX,BoolTFType,RexPricingResponse,,Highest Change Fee Indicator,T,
PXK,N/A,CHG,BoolTFType,RexPricingResponse,,Change Fee Waived,T/F,
PXL,N/A,CHG,BoolTFType,RexPricingResponse,,Change Fee Not Applicable,T/F,
PXM,N/A,REX,BoolTFType,RexPricingResponse,,Reissue Result from Tag 7 ,T/F,
PXN,N/A,PXI,BoolTFType,RexPricingResponse,,Electronic Ticket Required,T/F,
PXO,N/A,PRO,BoolTFType,ShoppingRequest,,T = return the metrics,T/F,
PXP,N/A,ITN,BoolITFType,ShoppingRe,,JCB exist ,T/F,
PXS,N/A,PRO,BoolTFType,ShoppingRequest,,Expand Jump Cabin Logic,T/F,
PXX,N/A,N/A,BoolITFType,AltPricingResponse,,WPA Passenger Options Info,,
PXY,N/A,REX,BoolTFTypeRexPricingResponse,,,Reissue Requires Electronic Tkt,T/F,
PXZ,N/A,REX,BoolTFType,RexPricingResponse,,Reissue Does Not Allow Electric Tkt,T/F,
PY0,N/A,PRO,BoolTFType,PricingRequest,,Ignore name change,T/F,
PY1,N/A,PRO,BoolTFType,PricingRequest,,Ignore segment change,T/F,
PY2,N/A,PRO,BoolTFType,PricingResponse,,Turn off Name Change Indicator,,
PY3,N/A,PXI,BoolTFType,PricingResponse,,Net Remit Ticket Indicator,T/F,
PY4,N/A,PXI,BoolTFType,PricingResponse,,Net Remit Unique Fare Basis Code Used  ,T/F,
PY5,N/A,PXI,AlphaNumCharType,PricingResponse,,Spanish Discount indicator,A or B or C,
PZF,N/A,PRO,BoolTFType,ShoppingRequest,,Enable Zero Fare Cabin Logic,T,
Q01,CHT,AGI,xs:short,lfsrequest,,coHostID,,
Q02,UBR,BIL,xs:short,lfsrequest,,User branch                                                     ,2156,
Q03,UST,BIL,xs:short,lfsrequest,,User station                                                    ,925,
Q04,FBL,CAL,xs:short,lfsresponse,,Length of fare basis code,4,
Q05,ND1,CCD,xs:short,lfsresponse,,Number of decimal places in exchange rate 1,2,
Q06,ND2,CCD,xs:short,lfsresponse,,Number of decimal places in exchange rate 2,2,
Q07,NDC,CCD SUM,xs:short,lfsresponse PricingResponse,,Number of decimal places in converted fare amount,2,
Q08,NDF,CCD,xs:short,lfsresponse,,Number of decimal places in fare to be converted,2,
Q09,TSL,COM,xs:short,lfsresponse,,Total service sevel,10,
Q0A,DIC,DIG,xs:short,lfsrequest,,Diagnostic code                                                 ,23,
Q0B,FLN,FLI F2P,xs:short,lfsrequest/lfsresponse,,Flight number 1,1173,
Q0C,FSN,FLI,xs:short,lfsrequest/lfsresponse,,Segment order                                                   ,1,
Q0D,FAT,FLI,xs:short,lfsresponse,,Availability type,1,
Q0E,NTP,PRO,xs:short,ShoppingRequest,,Number of ESV low fare solutions requested,200,
Q0G,STP,FLI,xs:short,lfsresponse,,Number of flight stops,1,
Q0H,TAM,FLI,xs:short,lfsresponse,,Total air miles flown,1244,
Q0I,ERC,LRM,xs:short,lfsresponse,,Error code,1,
Q0J,NBC,LRM,xs:short,lfsresponse,,Number of combinations returned from ATSE,3,
Q0K,MFC,MSG,xs:short,lfsresponse,,Fail code,119,
Q0L,DIT,OPT,xs:short,lfsrequest,,Argument type                                                   ,,
Q0M,PAM,POI,xs:short,lfsresponse,,Air miles flight leg,205,
Q0N,BPP,PRO,xs:short,lfsrequest,,BPP BULK PENALTY %                                              ,2,
Q0O,FTP,PRO,xs:short,lfsrequest,,Flt stops   (J-)                                                ,0,
Q0P,GDS,PRO,Bool10Type,lfsrequest,,Return all data                                                 ,1,
Q0Q,MXC,PRO,xs:short,lfsrequest,,Max # of connections (K-)                                       ,0,
Q0R,NAD,PRO,xs:short,lfsrequest,,Number of alt date solutions requested                          ,1,
Q0S,NTP,PRO,xs:short,lfsrequest,,Number of solutions requested                                   ,9,
Q0F,NTP,PRO,xs:short,lfsrequest,,Total number of solutions priced                                ,9,
Q0T,PAG,PXI,xs:short,lfsrequest,,Passenger age                                                   ,11,
,,,,,,,,
Q0U,PNT,PXI,xs:short,lfsrequest,,Passenger type count                                            ,1,
Q0V,FCW,PXI,xs:short,lfsresponse,,Cat35 warning file error/seper,1,
Q0W,FPN,PXI,xs:short,lfsresponse,,Passenger number,2,
Q0X,FST,PXI,xs:short,lfsresponse,,Stopover count,1,
Q0Y,SPN,SEG,xs:short,lfsresponse,,Segment passenger nO.-bag,,
Q0Z,SSN,SEG,xs:short,lfsresponse,,Flight segment # in itin.,1,
Q10,MIB,SGI,xs:short,lfsrequest,,Mileage radius to alternate br                                  ,,
Q11,MIO,SGI,xs:short,lfsrequest,,Mileage radius to alternate of                                  ,,
Q12,SMN,SGI,xs:short,lfsrequest,,Segment order number                                            ,1,
Q13,N/A,N/A,xs:short,lfsrequest,,Number of selected date solutions,1,
Q14,SIM,PRO,xs:short,lfsrequest,,Availability simulator number,7,
Q15,ATB,PRO,xs:short,PricingRequest,,Length of ATB fare calc,5,
,,,,,,,,
Q15,,LEG,xs:short,ShoppingRequest,,SOP ID,1,
Q16,TBX,PRO,xs:short,PricingRequest,,Number of tax boxes,3,
Q16,,AVL,xs:short,ShoppingRequest,,AVL ID,1,
Q17,"SDP, DPR","SGI,CAL",xs:short,PricingRequest,,Discount percentage,12,
Q17,,BKC,xs:short,ShoppingRequest,,number of Avail booking seat,7,
Q18,,PRO,xs:short,ShoppingRequest,,Price without penalty exceed a certain %,50,
Q19,,PRO,xs:short,ShoppingRequest,,interline weight factor,4,
Q1A,N/A,,xs:short,ATSEWriter,,Milage radius,,
Q1B,N/A,,xs:short,ATSEWriter,,Alternate Cities,,
Q1C,N/A,,xs:short,ATSEWriter,,Included Carriers,,
Q1D,N/A,,xs:short,ATSEWriter,,Excluded Carriers,,
Q1E,N/A,,xs:short,ATSEWriter,,Num Pax Type 1,,
Q1F,N/A,,xs:short,ATSEWriter,,Num Pax Type 2,,
Q1G,N/A,,xs:short,ATSEWriter,,Num Pax Type 3,,
Q1H,N/A,,xs:short,ATSEWriter,,Num Pax Type 4,,
Q1I,N/A,,xs:short,ATSEWriter,,Cut off dollar amount,,
Q1J,N/A,,xs:short,ATSEWriter,,,,
Q1K,N/A,,xs:short,ATSEWriter,,Sequence no,,
Q1K,,,xs:short,ShoppingRequest,,Flight ID,,
Q1L,N/A,,xs:unsignedShort,ATSEWriter,,Number of solutions produced,,
Q1M,N/A,,xs:unsignedShort,ATSEWriter,,Number of ext status requests,,
Q1N,N/A,,xs:unsignedShort,ATSEWriter,,Number of ext DCA requests,,
Q1O,N/A,,xs:unsignedShort,ATSEWriter,,Number of ext hosted available requests,,
Q1P,N/A,,xs:unsignedShort,ATSEWriter,,Number of DCA flights requested ,,
Q1Q,N/A,,xs:unsignedShort,ATSEWriter,,Number of hosted flights requested ,,
Q1R,N/A,,xs:unsignedShort,ATSEWriter,,Number of AVS flights statused,,
Q1S,N/A,,xs:unsignedShort,ATSEWriter,,Number of DCA cache flight statused,,
Q1T,N/A,,xs:unsignedShort,ATSEWriter,,Number of failed DCA flights,,
Q1U,N/A,,xs:unsignedShort,ATSEWriter,,Number of cat 25 created fares,,
Q1V,N/A,,xs:unsignedShort,ATSEWriter,,Number of cat 35 created fares,,
Q1W,N/A,,xs:unsignedShort,ATSEWriter,,Number of out of date LBT rows,,
Q1X,N/A,,xs:unsignedShort,ATSEWriter,,Number of mid-points tried,,
Q1Y,N/A,,xs:unsignedShort,ATSEWriter,,Number of OD tries status,,
Q1Z,N/A,,xs:unsignedShort,ATSEWriter,,Number of OD retrived fares,,
Q20,N/A,,xs:unsignedShort,ATSEWriter,,Number of flights cache expired,,
Q21,N/A,,xs:unsignedShort,ATSEWriter,,Number of flights cache not found,,
Q22,N/A,,xs:unsignedShort,ATSEWriter,,Number of flights chache not qualified,,
Q23,N/A,,xs:unsignedShort,ATSEWriter,,Number of flights requested cache,,
Q24,N/A,,xs:unsignedShort,ATSEWriter,,Number of flights requested AVS,,
Q25,N/A,,xs:unsignedShort,ATSEWriter,,Number of flights statused DCA,,
Q26,N/A,,xs:unsignedShort,ATSEWriter,,Number of flights statused host,,
Q27,N/A,,xs:unsignedShort,ATSEWriter,,Number of flights with no status,,
Q28,N/A,,xs:unsignedShort,ATSEWriter,,Number of valid date combinations ,,
,,,,,,,,
Q29,N/A,,xs:unsignedShort,ATSEWriter,,Solutions created after jumps ig,,
Q2A,N/A,,xs:short,ATSEWriter,,Pax index,,
Q2B,N/A,,xs:short,ATSEWriter,,Solution no,,
Q2C,N/A,,xs:short,ATSEWriter,,Amount no dec,,
Q2D,N/A,F2P,xs:short,ATSEWriter,,Flight number 2,,
Q2E,N/A,,xs:integer,ATSEWriter,,IO used,,
Q2F,N/A,,xs:nonNegativeInteger,ATSEWriter,,Num PQ items processed,,
Q2G,N/A,,xs:nonNegativeInteger,ATSEWriter,,Num PQ items fail rules,,
Q2H,N/A,,xs:nonNegativeInteger,ATSEWriter,,Number of PQ items fail availability,,
Q2I,N/A,,xs:nonNegativeInteger,ATSEWriter,,Number of public fares retrived,,
Q2J,N/A,,xs:nonNegativeInteger,ATSEWriter,,Number of fares pass 1-st filter,,
Q2K,N/A,,xs:nonNegativeInteger,ATSEWriter,,Number of fares used in the fare paths,,
Q2L,N/A,,xs:nonNegativeInteger,ATSEWriter,,Number of cache hits,,
Q2M,N/A,,xs:nonNegativeInteger,ATSEWriter,,Number of database reads,,
Q2N,N/A,,xs:integer,ATSEWriter,,Timer expire code,,
Q2O,N/A,,xs:integer,ATSEWriter,,Solution create time,,
Q2P,N/A,,xs:integer,ATSEWriter,,Solution create cpu time,,
Q2Q,N/A,,xs:integer,ATSEWriter,,Total of CTS calls,,
,,,,,,,,
Q2R,N/A,,xs:integer,ATSEWriter,,Number of OD pairs,,
Q2S,N/A,,xs:integer,ATSEWriter,,Number of travel options,,
Q2T,N/A,,xs:integer,ATSEWriter,,Number of AA flights,,
Q2U,N/A,,xs:integer,ATSEWriter,,Number of CO flights,,
Q2V,N/A,,xs:integer,ATSEWriter,,Number of DL flights,,
Q2W,N/A,,xs:integer,ATSEWriter,,Number of NW flights,,
Q2X,N/A,,xs:integer,ATSEWriter,,Number of UA flights,,
Q2Y,N/A,,xs:integer,ATSEWriter,,Number of US flights,,
Q2Z,N/A,,xs:integer,ATSEWriter,,Number of other flights,,
Q30,N/A,,xs:integer,ATSEWriter,,Number of flights,,
Q31,N/A,,xs:long,ATSEWriter,,Total PSS wait time,,
Q32,N/A,,xs:long,ATSEWriter,,CPU used,,
Q33,N/A,,xs:long,ATSEWriter,,Elapsed time,,
Q34,N/A,,xs:long,ATSEWriter,,error message number,,
Q35,N/A,,xs:long,ATSEWriter,,Capture time,,
Q36,N/A,,xs:long,ATSEWriter,,Expired time,,
Q37,N/A,,xs:long,ATSEWriter,,Cut off percentage,,
Q38,N/A,,xs:long,ATSEWriter,,Total CTS wait time,,
Q39,N/A,,xs:long,ATSEWriter,,Total AMW wait time,,
Q3A,N/A,,xs:long,ATSEWriter,,Total AVS wait time,,
Q3B,N/A,,xs:long,ATSEWriter,,Total cache found wait time,,
Q3C,N/A,,xs:long,ATSEWriter,,Total cache not found wait time,,
Q3D,N/A,,xs:long,ATSEWriter,,Number of DCA flights buffered,,
Q3E,N/A,,xs:long,ATSEWriter,,Elapsed time before jumps ig,,
Q3F,N/A,,xs:long,ATSEWriter,,Amount,,
Q3G,N/A,,xs:long,ATSEWriter,,Available wait time,,
Q3H,N/A,,xs:unsignedInt,ATSEWriter,,Other counter,,
Q3I,N/A,,xs:short,ATSEWriter,,# 1 of solutions segs,,
Q3J,N/A,,xs:short,ATSEWriter,,# 2 of solutions segs,,
Q3K,N/A,,xs:short,ATSEWriter,,# 3 of solutions segs,,
Q3L,N/A,,xs:short,ATSEWriter,,CPU number,,
Q3M,N/A,,xs:short,ATSEWriter,,Return code,,
Q3N,N/A,,xs:short,ATSEWriter,,# of Flts Requested w async dca,,
Q3P,N/A,,xs:short,ATSEWriter,,# of Flts Statused w async dca,,
Q3Q,N/A,,xs:long,ATSEWriter,,Timestamp,,
Q3R,N/A,,IndexType,SSS_ShoppingResponse,,Element id or sequence number,,
Q3S,N/A,FLS,xs:unsignedShort,SSS_ShoppingResponse,,Number of seats remaining,,
Q3U,N/A,FNT,xs:long,SSS_ShoppingResponse,,Rule priority,,
Q3V,N/A,N/A,xs:short,GenerateRuleRequest,,Item category,12,
Q3W,N/A,N/A,xs:short,GenerateRuleRequest,,Rule tarriff key,34,
Q3X,N/A,N/A,xs:long,GenerateRuleRequest,,Joint carrier item number,,
Q3Y,N/A,N/A,xs:short,GenerateRuleResponse,,Status code,,
Q3Z,N/A,N/A,xs:long,GenerateCombinabilityRuleRequest,,Same points tbl item number,,
Q40,N/A,N/A,xs:short,FareDisplayRequest,,Template override,99,
Q41,N/A,N/A,xs:short,MileageRequest,,Item number,1,
Q42,N/A,N/A,xs:short,FareDisplayResponse,,Non-stop flight count,2,
Q43,N/A,N/A,xs:short,FareDisplayResponse,,Direct flights count,2,
Q44,N/A,PRO,xs:short,lfsrequest,,DCA status number,,
Q45,N/A,PRO,xs:short,lfsrequest,,Bulk Fare Entry,,
Q46,N/A,N/A,xs:unsignedInt,"FareDisplayResponse, FareDisplayRequest",,Line number,34,
Q47,N/A,N/A,xs:unsignedInt,FareDisplayResponse,,Fare class priority,120,
Q48,MSP,CAL MIL,xs:short,PricingResponse,,Mileage surchage pcnt,10,
Q49,N/A,COM,xs:nonNegativeInteger,SSS_ShoppingResponse,,Ops Action Code,1101,
,,,,,,,,
Q4A,N/A,F2P,xs:short,ATSEWriter,,Flight number 3,,
Q4B,N/A,F2P,xs:short,ATSEWriter,,Flight number 4,,
Q4C,N/A,FNT,xs:long,ATSEWriter,,TOTAL DB WAIT TIME   ,,
Q4D,N/A,FNT,xs:long,ATSEWriter,,TOTAL DSS WAI TTIME  ,,
Q4E,N/A,FNT,xs:long,ATSEWriter,,TOTAL LBT WAIT TIME  ,,
Q4F,N/A,N/A,xs:short,ATSEWriter,,NUM CALLs TO DSS,,
Q4G,N/A,N/A,xs:short,ATSEWriter,,NUM CALLs TO LBT,,
Q4H,N/A,N/A,xs:short,ATSEWriter,,NUM CALLs to ATAE,,
Q4I,N/A,FNT,xs:long,ATSEWriter,,TOTAL ATAE WAIT TIME,,
Q4J,QPC,CAL,xs:unsignedShort,PricingResponse,,Pricing Unit count,,
Q4K,PEN,FLI,xs:short,PricingResponse,,Penalized,,
Q4L,GRP,N/A,xs:short,PricingRequest,,Married group number,,
Q4M,REF,N/A,xs:short,PricingRequest,,Traveler ref id,,
Q4N,N/A,N/A,xs:short,FareDisplayRequest,,Target line number,,
Q4P,N/A,PXI,xs:short,PricingResponse,,WPn option number,,
Q4Q,N/A,ITN,xs:short,ShoppingResponse,,carrierGroupIndex,,
Q4R,N/A,N/A,xs:short,GenerateRuleRequest,,Rule type,,
Q4S,N/A,HIP,xs:short,lfsresponse,,Differential Origin Segment Order in Itin.,1,
Q4T,N/A,HIP,xs:short,lfsresponse,,Differential Dest Segment Order in Itin.,2,
Q4U,N/A,PRO,xs:short,ShoppingRequest,,ShortCKTTimeout,50,
Q4V,N/A,BFF,xs:short,ShoppingRequest,,"BFF step 1, number of days forward",331,
Q4W,N/A,UCL,xs:short,ATSEWriter,UC Loopback Instr Rec,Number Seats Requested,,
Q4X,N/A,UCL,xs:short,ATSEWriter,UC Loopback Instr,Flightnbr1,,
Q4Y,N/A,UCL,xs:short,ATSEWriter,UC Loopback Instr,Flightnbr2,,
Q4Z,N/A,UCL,xs:short,ATSEWriter,UC Loopback Instr,Flightnbr3,,
Q50,N/A,UCL,xs:short,ATSEWriter,UC Loopback Instr,CacheBucketID,,
Q51,N/A,UCL,xs:short,ATSEWriter,UC Loopback Instr,ErrorCode1,,
Q52,N/A,UCL,xs:short,ATSEWriter,UC Loopback Instr,ErrorCode2,,
Q53,N/A,UCL,xs:short,ATSEWriter,UC Loopback Instr,ErrorCode3,,
Q54,N/A,UCL,xs:short,ATSEWriter,UC Loopback Instr,Availability1,,
Q55,N/A,UCL,xs:short,ATSEWriter,UC Loopback Instr,Availability2,,
Q56,N/A,UCL,xs:short,ATSEWriter,UC Loopback Instr,Availability3,,
,,,,,,,,
Q5Q,N/A,ITN,xs:short,ShoppingRequest/ShoppingResponse,,Family Group number that itin belongs to,1,
Q5S,N/A,PRO,xs:short,ShoppingRequest,,Number of Max solutions,1,
Q5T,N/A,PRO,xs:short,ShoppingRequest,,percent extra per carrier,10,
Q5U,N/A,PRO,xs:short,ShoppingRequest,,min number of online solutions per carrier,5,
Q5V,N/A,PRO,xs:float,ShoppingRequest,,max percentage of online solutions,5,
Q5W,N/A,PRO,xs:short,ShoppingRequest,,maximum per option (avs),20,
Q5X,N/A,PRO,xs:short,ShoppingRequest,,maximum per option (non-avs),40,
Q5Y,N/A,R3I,xs:integer,ShoppingRequest,,cat31 record3 item number,46190,
Q5Z,N/A,SEQ,xs:integer,ShoppingRequest,,cat31 record3 seq tab988 seq number,2000,
Q60,N/A,PRO,xs:short,ShoppingRequest,,number of must price online solutions (ESV),200,
Q61,N/A,PRO,xs:short,ShoppingRequest,,number of must price interline solutions (ESV),200,
Q62,N/A,PRO,xs:short,ShoppingRequest,,number of must price nonstop online solutions (ESV),10,
Q63,N/A,PRO,xs:short,ShoppingRequest,,number of must price nonstop interline solutions (ESV),10,
Q64,N/A,PRO,xs:short,ShoppingRequest,,number of must price single-stop online solutions (ESV),10,
Q65,N/A,PRO,xs:short,ShoppingRequest,,stop penalty in dollars (ESV),0,
Q66,N/A,PRO,xs:short,ShoppingRequest,,duration penalty in dollars (ESV),0,
Q67,N/A,PRO,xs:short,ShoppingRequest,,departure penalty in dollars (ESV),0,
Q68,N/A,PRO,xs:float,ShoppingRequest,,percent factor (ESV),10,
Q69,N/A,PRO,xs:short,ShoppingRequest,,flight repeats (ESV),0,
Q6A,N/A,PRO,xs:float,ShoppingRequest,,lowest amount multiplier - diversity pass nonstop (ESV),2,
Q6B,N/A,PRO,xs:double,RexPricingRequest,,ROE Override,1.02,
Q6C,N/A,PRO,xs:short,RexPricingRequest,,First Unflown City Time Zone Offset from Reissue City in Hours,-2,
Q6D,N/A,SGI,xs:short,RexPricingRequest,,Fare Component Number,1,
Q6D,N/A,FCI,xs:short,ShoppingRequest,,Fare Component Number,1,
Q6E,N/A,SGI,xs:short,RexPricingRequest,,Side Trip Number,1,
Q6F,N/A,SUM,xs:unsignedShort,RexPricingResponse,,Itinerary Number,"0, 1, 2",
Q6G,N/A,AEP,xs:long,ATSEWriter,,Total IM wait time,,
Q6H,N/A,AEP,xs:unsignedShort,ATSEWriter,,Number of PSS flights,,
Q6I,N/A,AEP,xs:unsignedShort,ATSEWriter,,Number of CTS flights,,
Q6J,N/A,AEP,xs:unsignedShort,ATSEWriter,,Number of IM flights,,
Q6K,N/A,AEP,xs:unsignedShort,ATSEWriter,,Number of flights in cache,,
Q6L,N/A,AEP,xs:unsignedShort,ATSEWriter,,Number of AVS flightsTODO,,
Q6M,N/A,AEP,xs:unsignedShort,ATSEWriter,,Number of failed CTS to AVA flights,,
Q6N,N/A,CFQ CFR,ConfigurationIdType,CMDB,,Configuration Id,1,
Q6P,N/A,ADP,xs:unsignedShort,ATSEWriter,,Date range,,
Q6Q,N/A,PRO,xs:short,ShoppingRequest,,number of must price nonstop/1-stop online solutions (ESV),10,
Q6R,N/A,PRO,xs:short,ShoppingRequest,,number of must price nonstop/1-stop interline solutions (ESV),10,
Q6S,N/A,PRO,xs:float,ShoppingRequest,,lowest amount multiplier - diversity pass not nonstop (ESV),2,
Q6T,N/A,PRO,xs:short,BFFRequest,,Request Step of BFF,1,
Q6S,N/A,PRO,xs:float,ShoppingRequest,,lowest amount multiplier - low fare pass (ESV),2,
Q70,N/A,PRO,xs:short,ESV diversity,,maximum number of nonstop online solutions,1,
Q71,N/A,PRO,xs:short,ESV diversity,,Maximum number of nonstop interline solution,1,
Q72,N/A,PRO,xs:short,ESV diversity,,Maximum number of single-stop online solution,1,
Q73,N/A,PRO,xs:short,ESV diversity,,Maximum number of 2+ stops solutions,1,
Q74,N/A,PRO,xs:float,ESV diversity,,Minimum allowed overage per carrier (%),1.5,
Q75,N/A,PRO,xs:short,ESV diversity,,Minimum allowed overage per carrier ,1,
Q76,N/A,PRO,xs:float,ESV diversity,,Maximum relative fare level of x for non-stop,1.5,
Q77,N/A,PRO,xs:float,ESV diversity,,Maximum relative fare level of x for connections,1.5,
Q78,N/A,PRO,xs:short,ESV diversity,,numver of must price 2+ stops solutions,2,
Q79,N/A,PXI,xs:short,RexPricingRequest,,Total Passenger Count,3,
Q7A,N/A,FLI,xs:short,LFSRequest,,DSS Version, 1 or 2,
Q7B,N/A,PXI,xs:short,PricingRequest/PricingResponse,,Passenger ID in PNR,1,
Q7D,N/A,FFY,xs:short,lfsrequest,,Frequent Flyer Status                                                   ,1,
Q86,N/A,PNM,xs:string,AncillaryPricingRequest,,ticket relative number, 1 throught 4,
Q87,N/A,PNM,xs:string,AncillaryPricingRequest,,real ticket number, 13 to 20 digits,
QCU,N/A,PRO,xs:short,ShoppingRequest,,Number of additional itineraries with Customized Routing and/or Carrier,5,
S00,FWM,FLI,xs:string,lfsresponse,,Warning message from availability,,
S01,FTB,PXI,xs:string,lfsresponse,,Text box,,
S02,FTC,PXI,xs:string,lfsresponse,,Tour code description,,
S03,SCD,SUR,xs:string,lfsresponse,,Surcharge description,AIRPORT/TERMINAL,
S04,TDS,TAX,xs:string,lfsresponse,,Tax description,PASSENGER FACILITY CHARGE,
S05,TSC,TAX,xs:string,lfsresponse,,Station code,ABE,
S06,DTX,FLI,xs:string,lfsresponse ,,DOT Disclosure description,,
S07,S07,SEG,BoolTFType,lfsresponse,,Segment side trip begin   ,T,
S08,S08,SEG,BoolTFType,lfsresponse,,Segment side trip end      ,T,
S09,S09,SEG,BoolTFType,lfsresponse,,Unchargable surface segment,T,
S0A,N/A,,xs:string,ATSEWriter,,Parameters,,
S0B,N/A,,xs:string,ATSEWriter,,Base keys,,
S0C,N/A,,xs:string,ATSEWriter,,Flight Status Info 1,,
S0D,N/A,,xs:string,ATSEWriter,,Flight Status Info 2,,
S0E,N/A,UCL,BookingCodeType,ATSEWriter,UC Loopback Instr,StatusCode1,,
S0F,N/A,UCL,BookingCodeType,ATSEWriter,UC Loopback Instr,StatusCode2,,
S0G,N/A,UCL,BookingCodeType,ATSEWriter,UC Loopback Instr,StatusCode3,,
S0H,N/A,FEE,ChargeType,PricingResponse,,Passenger charge type,,
S0I,N/A,FEE,ChargeCode,PricingResponse,,Passenger charge code,,
S0J,N/A,FEE,xs:string,PricingResponse,,Passenger charge description,,
S0K,N/A,FEE,PaxIDList,PricingResponse,,Passenger ID List,1 2 3 4,
S0L,N/A,PNM,NameNumber,PricingRequest/PricingResponse/AncillaryPricingRequest,,Passegner Name Number,1.1 2.1,
S0M,N/A,PNM,xs:string,PricingRequest,,Passenger Name,LastName/FirstName,
S0R,N/A,FSE,xs:string,ATSEWriter,,Source of the Pricing or Shopping Request,,
,,,,,,,,
S10,S10,SEG,BoolTFType,lfsresponse,,Pure surface segment            ,T,
S11,ACI,PRO,xs::string,PricingRequest,,Account code,111-22-2222,
S12,SRT,PRO,xs::string,PricingRequest,,Fare by rule ship registry,??????,
S12,N/A,SEG,xs::string,PricingResponse,,RouteTravel/GlobalDirection,"EH, AT etc",
S13,PNR,PRO,xs::string,PricingRequest,,Passenger name record,EEJU0A,
S14,LNC,PRO,xs::string,PricingRequest,,Line entry,WPB*BET-ITL,
S15,EPR,PRO,xs::string,PricingRequest,,Employee profile record,SG=RTT,
S16,N/A,MTP,xs:string,SSS_ShoppingResponse,,Message Type,,
S17,N/A,MTP,xs:string,SSS_ShoppingResponse,,Message Code,,
S18,N/A,MTP,xs:string,SSS_ShoppingResponse,,Message Short text,,
S19,N/A,FLI,StringLength1to64,SSS_ShoppingResponse,,Operating carrier free text,OPERATED BY OPERATED BY AMERICAN EAGLE,
S20,N/A,RUL,StringLength1to64,SSS_ShoppingResponse,,Rule type name,DRERule,
S21,N/A,FEE,FeeCodeType,SSS_ShoppingResponse,,Fee code,ServiceFee,
S22,N/A,COM,PromoIDType,SSS_ShoppingResponse,,Promo offer id,,
S23,N/A,COM,PromoCorpIDType,SSS_ShoppingResponse,,Promo offer corporate id,,
S24,N/A,COM,PromoContentIDType,SSS_ShoppingResponse,,Promo offer content id,,
,,,,,,,,
S25,N/A,COM,PromoIDType,SSS_ShoppingResponse,,Promo redemption id,,
S26,N/A,COM,PromoContentIDType,SSS_ShoppingResponse,,Promo redemption content id,,
S27,N/A,COM,PricingServiceType,SSS_ShoppingResponse,,Source of pricing data,LJR,
S28,N/A,PXI,FareNoteFareType,SSS_ShoppingResponse,,Fare note fare type name,,
S29,N/A,PXI,FareNoteContentIDType,SSS_ShoppingResponse,,Fare note content id,,
S30,N/A,PXI,FareTypeNameType,SSS_ShoppingResponse,,Fare type name,,
S31,N/A,N/A,xs::string,TaxResponse,,Error message text,THIS IS AN ERROR,
S32,N/A,N/A,xs::string,TaxResponse,,Warning message text,THIS IS A WARNING,
S33,N/A,N/A,LocationTypeKey,GenerateRuleRequest,,Location key value,X,
S34,N/A,N/A,LocationType,GenerateRuleRequest,,Location value,ORG,
S35,N/A,N/A,LocationTypeKey,GenerateRuleRequest,,Location key value 2,Y,
S36,N/A,N/A,LocationType,GenerateRuleRequest,,Location value 2,GIP,
S37,N/A,N/A,VendorCodeType,GenerateRuleRequest,,Vendor,SD9000,
S38,N/A,N/A,xs:string,GenerateRuleResponse,,Category header,,
S39,N/A,N/A,xsstring,GenerateRuleResponse,,Record 2 restriction,,
S40,N/A,N/A,xs:string,GenerateRuleResponse,,Combinability scoreboard,,
S41,N/A,N/A,xs:string,GenerateRuleResponse,,Rule text,,
S42,N/A,N/A,xs:string,GenerateRuleResponse,,Same point city pair text,,
S43,N/A,N/A,xs:string,GenerateRuleResponse,,Full rule text,,
S44,N/A,N/A,xs:string,PricingRequest,,Diagnosic argument type,TC1,
S45,N/A,N/A,xs:string,PricingRequest,,Diagnostic argument string,,
S46,N/A,N/A,xs:string,FareDisplayResponse,,Header message,,
S47,N/A,N/A,xs:string,FareDisplayResponse,,YY fare message,,
S48,N/A,N/A,xs:string,FareDisplayResponse,,Mileage allowance,,
S49,N/A,N/A,RoutingNumberType,FareDisplayResponse,,Routing sequence,,
,,,,,,,,
S50,N/A,N/A,FareDataType,FareDisplayRequest,,Advance purchase,,
S51,N/A,N/A,FareDataType,FareDisplayRequest,,Minimum stay,,
S52,N/A,N/A,FareDataType,FareDisplayRequest,,Maximum stay,,
S53,N/A,N/A,FareTypeCodeType,,,Fare type code,BB,
S54,N/A,N/A,FareDesignatorType,PricingDisplayRequest,,Fare designator,Q12,
S55,N/A,N/A,FootnoteType,PricingDisplayRequest,,Footnote,S3,
S56,,PRO,NoOfCall,ShoppingRequest,,Number of call,1 or 2,
S57,,FAT,FltAvailBreak,shoppingResponse,,Flight Availibility Break Type,1 or 2,
S58,N/A,PRO,CustomerCodeType,SSS_ShoppingRequest,,Customer Code,PSS,
S59,N/A,N/A,FDRequestType,FareDisplayRequest,,Type of FD request,"RD, RB, etc.",
S5A,N/A,PRO,xs:string,ShoppingRequest,,AVS penalty carriers,"AA,AS,CO,DL,NW,UA,US",
S60,N/A,N/A,AlphaCodeType,FareDisplayRequest,,Alpha code,"XB, RZ, etc.",
S61,N/A,N/A,SeasonalApplication,FareDisplayRequest,,Seasonal Application,D23DEC,
S62,N/A,COM,xs:string,SSS_ShoppingResponse,,SFH Fare id,,
S63,N/A,COM,xs:string,SSS_ShoppingResponse,,SFH Line id,,
S64,N/A,N/A,FootnoteType,FareDisplayResponse,,Footnote 2,S3,
S65,N/A,N/A,RoutingType,FareDisplayResponse,,Routing,FD09,
S66,FCL,PXI,xs:string,PricingResponse,,Fare calc line,xxxxx xxxxxx,
S67,DCO,CAL,xs:string,PricingResponse,,Discount code,?????,
S68,PUM,PUP,xs:string,PricingResponse,,Plus-up message,xxxxxxx,
S69,ISC,SUM,xs:string,PricingResponse,,IATA sales code,SITI,
S70,CDR,CAL,xs:string,PricingResponse,,Fare Calc Directionality,"FR, TO, BE, WI, BO, OR, TE",
,,,,,,,,
S71,OCR,N/A,xs:string,PricingRequest,,Owner/Creator,,
S72,CRS,N/A,xs:string,PricingRequest,,CRS,,
S73,LQU,N/A,xs:string,PricingRequest,,Last name qualifier,,
S74,LST,N/A,xs:string,PricingRequest,,Last name,,
S75,FQU,N/A,xs:string,PricingRequest,,First name,,
S76,FST,N/A,xs:string,PricingRequest,,Traveler first name,,
S77,OTH,N/A,xs:string,PricingRequest,,Traveler other name,,
S78,FQN,N/A,xs:string,PricingRequest,,Frequent flyer number,,
S79,N/A,SUM,xs:string,PricingResponse,,Server Hostname,piili001,
S80,N/A,N/A,xs:string,FareDisplayResponse,,Routing description,,
S81,N/A,REQ,xs:string,SelectionRequest,,Option Selection,3-5/10-12/52/79,
S82,N/A,N/A,FDOutputRequestType,FareDisplayRequest,,Type of FD Output request,"RD, RB, etc.",
S83,N/A,PXI,xs:string,PricingResponse,,Fare Vendor/Source for Ticketing,"ATPC, ATPCX, SITA, SITAX, C548, C548X etc",
S84,N/A,PXI,xs:string,PricingResponse,,WPn Response Details,,
S85,N/A,PXI,xs:string,PricingResponse,,Accompanied Travel Restrictions Data,,
S86,N/A,N/A,RoutingNumberType,FareDisplayResponse,,Routing number,,
S87,N/A,PXI,xs:string,PricingResponse,,Value Code,CUMERLAND,
S88,N/A,ABL,xs:string,Pricing Response,,SMF contract Number,CONTRACT123,
S89,N/A,ABL,xs:string,Pricing Response,,Fare Tariff,128,
S90,N/A,ABL,xs:string,Pricing Response,,Fare Rule Number,4033,
S91,N/A,FRT,IPAddressType,PricingRequest,,Forward IP Address,,
S92,N/A,FRT,PortNumberType,PricingRequest,,Forward Port Number,,
S93,N/A,FSR,xs:string,ATSEWriter,,Input Command,,
S94,N/A,PRO,xs:string,RexPricingRequest,,Waiver Code,"01, 0220",
S95,N/A,SGI,xs:string,RexPricingRequest,,Equipment Type,777,
S96,N/A,REX,xs:string,RexPricingRequest,,Refund Exchange Request Type,,
S97,N/A,,,using by intellisell,,,,
S98,N/A,,,using by intellisell,,,,
S99,N/A,,,using by intellisell,,,,
SA0,N/A,N/A,xs:string,ShoppingRequest,,booking code for branded fare,A|B|C,
SA1,N/A,DIT,DomainItemKeyType,CMDB,,Domain Item Key,ENV,
SA2,N/A,DIT,DomainItemValueType,CMDB,,Domain Item Value,CERT,
SA3,N/A,PRI,ParameterItemKeyType,CMDB,,Parameter Item Key,HostIP,
SA4,N/A,PRI,ParameterItemValueType,CMDB,,Parameter Item Value,10.135.86.4,
SA5,N/A,CMR,ConfigurationResponseStatusType,CMDB,,Configuration Response Status,OK,
SA6,N/A,FID,xs:string,ShoppingResponse,,"Booking Codes - separated by ""|""",A|B|C,
TID,N/A,N/A,xs:long,ShoppingRequest,,Intellisell Transaction ID,,
SA6,N/A,ADP,EntryType,ATSEWriter,,Entry Type (DSS),,
SA7,N/A,ADP,DbPodType,ATSEWriter,,DB POD,,
SA8,N/A,RexPricingRequest/RexPricingResponse,xs:string,RexPricingRequest/RexPricingResponse,,Refund Exchange Secondary Request type,PE/CE/FE,
SA9,N/A,PRO,AlphaNumStrType,PricingRequest,,Confirmation Number,,
SB0,N/A,CTR,CarrierCodesType,AirlineBrandingRequest,,Airline Branding Carriers (separated by |),SQ|JJ,
SB1,N/A,CBR,xs:string,AirlineBrandingResponse,,Campaign Code,D,
SB2,N/A,BRN,xs:string,AirlineBrandingResponse,,Brand ID,SS,
SB3,N/A,BRN,xs:string,AirlineBrandingResponse,,Brand Name,Super Saver,
SB4,N/A,BRN,xs:string,AirlineBrandingResponse,,Brand Text,FULLY FLEXIBLE-PREMIUM SERVICE,
SB5,N/A,BRN,xs:string,AirlineBrandingResponse,,"Booking Codes - separated by ""|""",F|C|Y,
SB6,N/A,FBC,xs:string,AirlineBrandingResponse,,"Fare Basis Codes - separated by ""|""",WIPOX|KIPOX,
SB7,N/A,CBR,xs:string,AirlineBrandingResponse,,3-letter Campaign Code,PDA,
SB8,N/A,BRN,xs:string,AirlineBrandingResponse,,Brand Order Number,1,
SB9,N/A,BRN,xs:string,AirlineBrandingResponse,,Marketing Text,Fly now pay later,
SBA,N/A,FCP,xs:string,AirlineBrandingResponse,,Fare Compare Category,Mileage,
SBB,N/A,FCP,xs:string,AirlineBrandingResponse,,Fare Compare Text,Accumulated Miles,
SBC,N/A,BFD,xs:string,AirlineBrandingRequest,,Branded Fares Data Type in the Response,MKT,
SBD,N/A,BRN,xs:string,AirlineBrandingResponse,,Marketing Text Image URL,merchandising.sabre.com:8080/PD/hoverImage1.jpg,
SBE,N/A,FCP,xs:string,AirlineBrandingResponse,,Brand Fare Compare Image URL,merchandising.sabre.com:8080/PD/brandFareCompare1.jpg,
SBF,N/A,TXT,xs:string,AirlineBrandingResponse,,Marketing Text Language,English,
SBG,N/A,FCP,xs:string,AirlineBrandingResponse,,Fare Compare Text Language,Russian,
SBK,N/A,BRN,xs:string,AirlineBrandingResponse,,"Combinable Booking Codes - separated by ""|""",F|C|Y,
SBL N/A,BRN,xs:string,AirlineBrandingResponse,,Error Message Code, 1,
SC0,N/A,MKT,xs:string,AirlineBrandingRequest,,Program ID,912831827,
SC1,N/A,CBR,xs:string,AirlineBrandingResponse,,Program Fare Compare Image SC2,N/A,N/A,xs:string,PricingResponse,,Program Name,912831827,
URL,merchandising.sabre.com:8080/PD/programFareCompare1.jpg,
SE0,N/A,ERC,xs:string,AirlineBrandingResponse,,Coded Error Text,BRANDING1001W,
SE1,N/A,ERC,xs:string,AirlineBrandingResponse,,Error Message,Unable to parse XML request,
SE2,N/A,PRO,BoolTFType,PricingRequest,,Indicator Returning R-Type OB Fees,T/F,
SE3,N/A,PRO,BoolTFType,PricingRequest,,Indicator T-Type OB Fees applied,T/F,
SEQ,N/A,FEE,SegmentSeqType,PricingResponse,,Segment number list,,
SET,N/A,PRO,BoolTFType,PricingRequest,,Indicator OC Fees Process all group codes for Non ticketed,T/F,
SEY,N/A,PRO,BoolTFType,PricingRequest,,Indicator OC Fees applied,T/F,
SEZ,N/A,PRO,BoolTFType,PricingRequest,,Indicator OB Fees applied,T/F,
TKI,N/A,PRO,BoolTFType,PricingRequest,,Indicator OC Fees Ticketing required,T/F,
Q6W,N/A,PRO,BoolTFType,ShoppingRequest,,Enalbe award shopping logic,T/F,
Q6C,N/A,PRO,BoolTFType,ShoppingRequest,,Snap request,T/F,
SF0,N/A,OBF SFG,xs:string,"Pricing Response, ShoppingResponse",,Service type code,FCA,
SF1,N/A,OBF,MonetaryAmountType,Pricing Response,,Service fee amount,99.9999,
SF2,N/A,OBF,xs:string,Pricing Response,,FOP BIN number,123456,
SF3,N/A,OBF,xs:string,Pricing Response,,IATA indicators,TFT,
SF4,N/A,OBF,BoolTFType,Pricing Response,,No Charge ind,T/F,
SF5,N/A,OBF,MonetaryAmountType,Pricing Response,,Service Fee percentage,99.9999,
SF6,N/A,OBF,MonetaryAmountType,Pricing Response,,Max Service charge amount,99.9999,
SF7,N/A,OCF,xs::string,ShoppingResponse,,Commercial name,BAGGAGE,
SF8,N/A,OCM,BoolTFType,Pricing Response,,ATTN Indicator,T/F,
SM0,N/A,PRO/VCX,ThreeCharacterFixedString,"AltPricingRequest,NoPNRPricingRequest,PricingRequest,PricingResponse",,Settlement method,BSP,
SM1,N/A,PRO,xs::string,"PricingRequest,FareDisplayRequest",,Account code,111-22-2222,
SM2,N/A,PRO,xs::string,"PricingRequest,FareDisplayRequest",,Account code,111-22-2222,
SM3,N/A,PRO,xs::string,"PricingRequest,FareDisplayRequest",,Account code,111-22-2222,
SM4,N/A,PRO,xs::string,"PricingRequest,FareDisplayRequest",,Account code,111-22-2222,
SM6,N/A,PRO,CorporateIDType,FareDisplayResponse,,Corporate ID, COR01,
STK,N/A,"ShoppingRequest, ShoppingResponse",xs:string,"ShoppingResponse,ShoppingRequest",,Echo token,Isell Test,
ST0,N/A,OCG OCT,xs:string,Pricing Response,,Status Code,FCA,
ST1,N/A,OCG,xs:string,Pricing Response,,Status Indicator,FCA,
SHI,N/A,OCP,xs:string,Pricing Response,,Service Fee Line Number,1-200,
SFA,N/A,OCP,MonetaryAmountType,Pricing Response,,Base Price,99.9999,
SFB,N/A,OCP,CurrencyCodeType,Pricing Response,,Base Currency Code,USD,
SFC,N/A,OCP,MonetaryAmountType,Pricing Response,,Equivalent Price,99.9999,
SFH,N/A,OCP,CurrencyCodeType,Pricing Response,,Equivalent Currency,USD,
SFI,N/A,OCP,AnyCharType,Pricing Response,,Tax Indicator,Y,
SHD,N/A,OCP,MonetaryAmountType,Pricing Response,,Tax Amount,99.9999,
SHE,N/A,OCP,TaxCodeType,Pricing Response,,Tax Code,AY,
SFE,N/A,OCP,MonetaryAmountType,Pricing Response,,Total Price,99.9999,
SFF,N/A,OCP,xs:string,Pricing Response,,Commercial Name,,
SFG,N/A,OCP,AnyCharType,Pricing Response,,RFIC Code,X,
SHK,N/A,OCP,xs:string,Pricing Response,,RFIC Subcode,FCA,
SFI,N/A,OCP,xs:string,Pricing Response,,SSR Code,,
SSG,N/A,OCP,xs:string,Pricing Response,,Segment Numbers,,
SFJ,N/A,OCP,AnyCharType,Pricing Response,,EMD Type,X,
SNN,N/A,OCP,AnyCharType,Pricing Response,,No Charget Not Avaiable Ind,X,
SHF,N/A,OCP,xs:string,Pricing Response,,Passenger Type,ADT,
SFD,N/A,OCP,AnyCharType,Pricing Response,,Display Ind,X,
SFK,N/A,OCP,AirlineCodeType,Pricing Response,,Owning Carrier,UA,
SFL,N/A,OCP,xs:string,Pricing Response,,IATA Indicator,YYY,
SFM,N/A,OCP,AnyCharType,Pricing Response,,Sector Portion Ind,X,
SFN,N/A,OCP,xs:string,Pricing Response,,Booking,FCA,
SHG,N/A,OCP,AnyCharType,Pricing Response,,Fee Appl Ind,X,
SFP,N/A,OCP,AnyCharType,Pricing Response,,Form of Refund,X,
SFR,N/A,OCP,BoolTFType,Pricing Response,,Fee Guarantee Indicator,T,
SFS,N/A,OCP,xs:string,Pricing Response,,Name Number Association,FCA,
SFT,N/A,OCP,xs:string,Pricing Response,,Ticket Number,FCA,
SFU,N/A,OCP,xs:string,Pricing Response,,Group Code,BG,
SFX,N/A,OCP,AnyCharType,Pricing Response,,Simultaneous Ticket Indicator,X,
SFW,N/A,OCP,AnyCharType,Pricing Response,,SSSIM Code,X,
SFV,N/A,OCP,VendorCodeType,Pricing Response,,Status Indicator,,
SFY,N/A,PRO,BoolTFType,Pricing Response,,Segment Fee message present,T/F,
SFZ,N/A,OCP,DateYYYY-MM-DDType,Pricing Response,,Travel Date Effective,12/1/2010,
SHA,N/A,OCP,DateYYYY-MM-DDType,Pricing Response,,Travel Date Discontinue,12/1/2010,
SHB,N/A,OCP,xs:short,Pricing Response,,FQTV Carrier Tier Status,1,
SHM,N/A,OCP,DateYYYY-MM-DDType,Pricing Response,,Purchase By Date,12/1/2010,
SHC,N/A,OCP,xs:string,Pricing Response,,Tour Code,FCA,
SHN,N/A,OCP,xs:string,Pricing Response,,Origin Destination,FCA,
SLC,N/A,PRO,BoolTFType,ShoppingRequest,,Enable MIP separate ticketing (Carnival Sum Of Locals),T/F,
PYA,N/A,PRO,BoolTFType,ShoppingRequest,,Origin based RT pricing, T/F,
D12,N/A,PRO,DateYYYY-MM-DDType,ShoppingRequest,,Inbound Date Requested, 2009-12-01,
A07,N/A,SGI,AlphaCharType,Pricing Request,,Filter or command or branded fare request,F B or C,
Q7C,N/A,PRO/LRM BIPRequest/PIM,xs::string,LFSRequest/LFSResponse BIPRequest/BIPResponse,,Echo token,,
PAS,N/A,DIA,BoolTFType,ShoppingRequest,,Additional attribute that force diag to process all services,,
P4C,N/A,PRO,BoolTFType,lfsRequest,Skip Cat 25 and 35,T/F,,
ODB,N/A,SEG,xs:short,Pricing Response,,O&D market begin PNR segment number,,
ODE,N/A,SEG,xs:short,Pricing Response,,O&D market end PNR segment number,,
AX1,N/A,OCP,BoolTFType,Pricing Response,,Avail Service, T,
B11,N/A,PRO,xs:string,ShoppingRequest,,Override governing carrier, S7,
STN,N/A,ANC,xs:string,Pricing Request,,Seat Number,12A,
SB2,N/A,SGI,xs:string,Pricing Request,,Brand Code,CAKE,
SB3,N/A,CAL,xs:string,Pricing Response,,Brand Name,BONJOURFRANCE,
SC0,N/A,CAL,xs:string,Pricing Response,,Program Code,AIRFRANCEFR,
SC2,N/A,CAL,xs:string,Pricing Response,,Program Name,DIRECTIONBETWEENUSTOFR,
XML2 Tag,XML1 Tag,Parent Element,Type,Schema,,Description,Example,
FML,N/A,ITN,xs:short/"M",ShoppingResponse,,Family indicator. If FML="M", this means it is a mother itin. If FML is a number, this means this solution is a child of mother itin NUM="number",1,
SRL,N/A,PRO,xs:short,lfsrequest,,Schedule Repeat Limit for IBF,,
TT0,N/A,ACX/DCX/PCX,xs:string,Pricing Response,,Ticket type,ETKTPREF,
VC0,N/A,VCX,BoolTFType,PricingResponse,,Validating carrier process,T/F,
VC1,N/A,ACX/DCX/PCX,ThreeCharacterFixedString,PricingResponse,,Airline interline agreement,STD or 3PT,
PBB,N/A,PRO,BoolTFType,PricingRequest,,Price by brand request,T/F,
VCX,N/A,PRO,BoolTFType,ShoppingRequest,,Enable validating carrier logic,T/F,
DVL,N/A,PRO,BoolTFType,ShoppingRequest,,Enable alternate validating carrier logic in PO,T/F,
